paper_id,title,preprint_date,question,question_type
1869694,Optimizing multilayer Bayesian neural networks for evaluation of fission yields,2021-06-22,"What network structure, among single-layer, double hidden layers, or deeper networks, demonstrates optimal performance for evaluating fission yields according to the study?",factual
1807488,Baryons in the Gross-Neveu model in 1+1 dimensions at finite number of flavors,2020-07-16,"What is the focus of the current work concerning the finite-Nf Gross-Neveu model, building upon the previous study of its phase structure?",summary
2616275,Three-pion effects in $K^0-\bar{K}^0$ mixing,2022-12-19,"What is the primary challenge in calculating the long-range matrix element for $K^0-ar{K}^0$ mixing using lattice QCD, especially concerning intermediate pion states?",conceptual
2158600,The Nuclear Physics of Neutron Stars,2022-09-29,"What is the main input required to study the structure of neutron stars, and what are the primary constituents that provide this support?",factual
2104884,Non-equilibrium charmonium regeneration in strongly coupled quark-gluon plasma,2022-06-30,"According to the study, what is the minimum value of the K-factor required to accurately describe the measured $J/\psi$ yield and its transverse-momentum dependence in central 5.02 TeV Pb-Pb collisions?",factual
1943961,Axially-deformed solution of the Skyrme-Hartree-Fock-Bogoliubov equations using the transformed harmonic oscillator basis (IV) hfbtho (v4.0): A new version of the program,2021-10-12,What specific symmetries are restored in the new version 4.0 of the hfbtho code for even-even nuclei?,factual
1863520,Azimuthal dependence of two-particle transverse momentum current correlations,2021-05-17,"How is the transverse momentum correlator $G_{2}\	ext{(}\	ext{\	ext Delta 	ext Eta },\	ext{\	ext Delta 	ext Phi }\	ext{)}\	ext{}$ used to probe the shear viscosity per unit of entropy density $\	ext{\	ext Eta }/s$\	ext{‬ of the quark-gluon plasma?",conceptual
2935091,Constraints on $ΛN$ Effective Interactions from Mirror Hypernuclei in a Deformed Relativistic Hartree-Bogoliubov Model,2025-06-16,"What type of framework is used in the study to investigate the ground-state properties of mirror hypernuclei pairs, and what specific pairs are analyzed?",factual
1851398,Supremacy of optimal beam energy for synthesis of superheavy elements,2021-03-12,"What role does the selection of optimal beam energies play in the synthesis of superheavy elements, according to the abstract?",conceptual
3082178,Nuclear surface energy solving Hartree-Fock equations with Gogny interactions using Lagrange mesh,2025-11-12,What is the reduction in surface energy observed when the spin orbit term is included in the calculations using Gogny interactions?,factual
2787022,On the absence of the chiral magnetic effect in equilibrium QCD,2024-05-15,"What is the leading coefficient describing the chiral magnetic effect (CME) in equilibrium QCD, according to the abstract?",factual
1811378,Sampling using $SU(N)$ gauge equivariant flows,2020-08-12,What is the primary challenge addressed by the flow-based sampling algorithm developed in the paper for SU(N) lattice gauge theories?,factual
1810193,Signature of intermittency in hybrid UrQMD-hydro data at 10 AGeV Au+Au collisions,2020-08-05,"What is the relationship between $ln\langle F_{q}\rangle$ and $lnM^{2}$ for $q=2$–6 in hybrid UrQMD-hydro generated Au+Au collisions at 10 AGeV, and what does this indicate?",factual
1856332,Spin/Parity Dependent Level Density,2021-04-06,"What is the fundamental reason behind the Constant Temperature (CT) model of nuclear level density, and what is a critical flaw identified in the standard CT model regarding Yrast energies?",conceptual
2097530,Kinetic factors in affine quantization and their role in field theory Monte Carlo,2020-12-17,"What is the primary role of the principal quantum operators, such as D = (PQ + QP)/2 and Q≠0, in affine quantization concerning kinetic factors?",conceptual
2133844,Nuclear mass predictions with machine learning reaching the accuracy required by <math><mi>r</mi></math>-process studies,2022-08-09,"What accuracy in keV does the proposed Bayesian machine learning mass model achieve, and how does this compare to the accuracy threshold required for $r$-process studies?",factual
2878271,Octupole correlations in superdeformed bands of 56Ni,2025-02-10,"According to the abstract, what are the approximate octupole deformations ($\beta_{30}$) for the positive and negative parity superdeformed bands in $^{56}$Ni, and what is the associated prolate deformation ($\beta_{20}$)?",factual
3094683,Quark-mass effects in gradient-flow observables through next-to-next-to-leading order in QCD,2025-12-22,"What specific quark operators' vacuum expectation values are calculated in the gradient-flow formalism within the abstract, considering $N_F$-flavor QCD with one heavy quark and the rest massless?",factual
1808506,Perturbative Approach to Effective Shell-Model Hamiltonians and Operators,2020-07-22,What is the primary objective of this work regarding effective shell-model Hamiltonians and decay operators?,summary
2959625,Current-enhanced excited states in lattice QCD three-point functions,2025-08-12,"How does the choice of inserted current and kinematics influence excited-state contamination in lattice QCD three-point functions, and what is the proposed method to address this issue?",conceptual
2057398,SuSAv2 model for inelastic neutrino-nucleus scattering,2022-03-23,"How is the SuSAv2 model extended to the full inelastic regime for neutrino-nucleus cross sections, and what two descriptions of the $\Delta$ resonance region are compared in this extension?",summary
2935081,Application of the optimized-basis generator coordinate method to low-lying excited states of <math><mrow><mi>s</mi><mi>d</mi></mrow></math>-shell nuclei,2025-06-16,"How does the simultaneous optimization of basis functions and weight factors in the Optimized-Basis Generator Coordinate Method (OptGCM) affect the energy of low-lying excited states and transition probabilities in sd-shell nuclei like \( ^{20}\text{Ne} \), \( ^{24}\text{Mg} \), and \( ^{28}\text{Si} \) when using a Skyrme interaction?",conceptual
2784398,Collective-subspace requantization for sub-barrier fusion reactions: Inertial functions for collective motions,2024-05-08,"How do the inertial functions calculated using the adiabatic self-consistent collective coordinate (ASCC) method compare to those derived from cranking formulae, and what is the behavior of moments of inertia for rotation in real and gauge spaces as deformation increases?",factual
2100416,Order-by-order anisotropic transport coefficients of a magnetised fluid: a Chapman-Enskog approach,2022-06-24,"How does the magnetic field affect the different components of the shear viscosity, bulk viscosity, and thermal conductivity in a relativistic hot boson gas, according to the Chapman-Enskog method?",factual
2821172,Spatial imaging of polarized deuterons at the Electron-Ion Collider,2024-08-23,What is the relationship between the azimuthal angular dependence of the produced vector meson and the polarization of the deuteron in diffractive vector meson production at small-x?,conceptual
3080429,The size of the quark-gluon plasma in ultracentral collisions: impact of initial density fluctuations on the average transverse momentum,2025-11-06,How does the variation of the volume with multiplicity in ultracentral collisions relate to the radial distribution of the one- and two-point functions of the fluctuating density field?,conceptual
2618184,"Nuclear-matter saturation and symmetry energy within <math><mi mathvariant=""normal"">Δ</mi></math>-full chiral effective field theory",2022-12-26,How does the inclusion of <math><mmultiscripts><mi mathvariant=,factual
1794920,"Systematic study of the $\alpha$ decay preformation factors of the nuclei around the $Z$ = 82, $N$ = 126 shell closures within the generalized liquid drop model",2020-05-07,"According to the abstract, what relationship is observed between the $\alpha$ decay preformation factors ($P_{\alpha}$) and the product of valence protons (holes) and valence neutrons (holes) ($n_p n_n$) for the nuclei around the Z = 82, N = 126 closed shells when studied within the generalized liquid drop model (GLDM)?",factual
1980674,Spectral sum from Euclidean lattice correlators and determination of renormalization constants,2021-11-30,What is the proposed method for renormalizing lattice operators based on the Shifman-Vainshtein-Zakharov QCD sum rule?,conceptual
2787408,Formation of Superconducting Pair Correlations in Spherical Even–Even Nuclei,2024-05-16,"In spherical even-even nuclei with closed subshells, what condition is necessary for superconducting pair correlations to occur, and what is known about the threshold value for this condition?",factual
2691251,Renormalization of many-body effective field theory,2023-08-28,"According to the abstract, what condition must be met for renormalization group (RG) invariance to be achieved in general non-relativistic effective field theories (EFTs)?",factual
2617938,Study of charm and beauty in QGP from unquenched lattice QCD,2022-12-23,What lattice QCD approach and quark masses were used to calculate charmonium and bottomonium correlators in this study?,factual
1974040,Variational and parquet-diagram calculations for neutron matter. IV. Spin-orbit interactions and linear response,2021-11-23,"How do many-body correlations affect the bare spin-orbit potential in neutron matter, according to the paper?",factual
2091304,New insights into the oscillations of the nucleon electromagnetic form factors,2022-06-03,"How are the oscillations of the proton and neutron electromagnetic form factors described in the timelike region, and what are the characteristics of the two fractional oscillators involved?",conceptual
2686497,Radiative neutron capture reaction rates for stellar nucleosynthesis,2023-08-03,"What specific iron isotopes and their corresponding (n,$\\gamma$) reactions are investigated in this study for stellar nucleosynthesis?",factual
1863296,Linking continuum and lattice quark mass functions via an effective charge,2021-05-13,"What methods are used in the study to compute the quark mass function, and how do the results from these methods compare?",factual
1855983,Dynamical evolution of a magnetic field in the preequilibrium quark-gluon plasma,2021-04-01,What is the kinetic framework established in this paper to study the dynamical decay of the magnetic field in the preequilibrium stages of a weakly coupled quark-gluon plasma?,factual
2740615,Investigation of two-particle contributions to nucleon matrix elements,2023-12-25,"What type of contributions to nucleon matrix elements are investigated in this study, and what interpolating fields are used?",factual
1858947,Solution of universal nonrelativistic nuclear DFT equations in the Cartesian deformed harmonic-oscillator basis. (IX) HFODD (v3.06h): a new version of the program,2021-04-16,What are the new features implemented in version v3.06h of the HFODD code for solving nuclear DFT equations?,summary
2717813,"Operator product expansion for radial lattice quantization of 3D <math display=""inline""><msup><mi>ϕ</mi><mn>4</mn></msup></math> theory",2023-11-02,What specific scaling dimensions and ratios of operator product expansion coefficients are accurately determined in the abstract for the 3D Ising CFT using radial quantization on simplicial lattices?,factual
2693893,"Production of doubly charmed hadrons <math><msubsup><mi mathvariant=""normal"">Ξ</mi><mrow><mi>c</mi><mi>c</mi></mrow><mrow><mo>+</mo><mo>+</mo></mrow></msubsup></math> and <math><msubsup><mi>T</mi><mrow><mi>c</mi><mi>c</mi></mrow><mo>+</mo></msubsup></math> in relativistic heavy-ion collisions",2023-09-06,"How does the production of the \(\textlessml\ranglemsubsup<0xC2><0x81><0xC2><0xA7><0xC2><0x81><0xC2><0xA7>\textless/ml\rangle^{++}\) hadron vary when different widths in the Wigner function, representing distinct binding energies of the \(\textlessml\ranglemsubsup<0xC2><0x81><0xC2><0xA7><0xC2><0x81><0xC2><0xA7>\textless/ml\rangle^{+ +}\) state, are considered?",factual
3095752,Rotationally invariant dynamical lattice regulators for Euclidean quantum field theories,2025-12-26,"What is the proposed method for regulating Euclidean quantum field theories on a lattice, and how does it achieve exact covariance under the special Euclidean group SE(d)?",conceptual
2601264,Exploring distillation at the SU(3) flavour symmetric point,2022-11-28,"What is the primary goal of the research presented in the abstract, and what specific preliminary study is being conducted to achieve it?",summary
1819258,Emergent Structure in QCD,2020-09-25,"How do branching points in the S U(3) gauge-field vacuum relate to topological charge, as visualized in the provided research?",factual
2835773,Big Bang: a theory or fact,2024-09-30,What are the four fundamental forces that Big Bang nucleosynthesis is sensitive to?,factual
2920220,Angular momentum of glasma,2025-05-12,"What aspect of the glasma's angular momentum is the primary focus of this study, and how does it differ from the global angular momentum perpendicular to the reaction plane?",factual
1907110,Interplay between core and corona components in high-energy nuclear collisions,2021-08-17,"According to the DCCI2 framework, above which approximate value of $\langle dN_{\mathrm{ch}}/d\eta \rangle_{|\eta|<0.5}$ does the core contribution to high-energy nuclear collisions overtake the corona contribution, irrespective of the collision system or energy?",factual
2739792,Microscopic study of <math><mrow><mi>M</mi><mn>1</mn></mrow></math> resonances in Sn isotopes,2023-12-21,How does the inclusion of tensor terms in the Skyrme energy density functionals affect the agreement between calculated and experimental magnetic dipole (<math><mrow><mi>M</mi><mn>1</mn></mrow></math>) strengths for Sn isotopes?,factual
1846028,Dependence on beam energy and nuclear equation of state of anisotropic flow and particle production in low-energy heavy-ion collisions,2021-02-11,What is the beam energy range and impact parameter range investigated for Au + Au collisions in the abstract?,factual
2944830,Breakdown scale of pionless effective field theory in the three-nucleon sector,2025-07-11,"What is the predicted mode of the breakdown scale for pionless effective field theory in the three-nucleon sector, as inferred using Bayesian methods and neutron-deuteron total cross sections up to next-to-next-to-leading order?",factual
2634599,Review on Algorithms for dynamical fermions,2024-02-18,"What are the key algorithmic developments discussed in the review for simulating gauge theories at very fine lattice spacings, particularly concerning the freezing of the topological charge?",summary
2721095,Neutron Skins: Weak Elastic Scattering and Neutron Stars,2023-11-10,What experimental campaign confirmed a relatively large neutron skin in lead and provided a precise determination of the interior baryon density of a heavy nucleus?,factual
3006056,Properties of Neutron Stars with Hyperons within a Relativistic Metamodel,2025-10-01,How do different relativistic metamodels incorporating $\Lambda$-hyperons affect the maximum mass of neutron stars compared to purely nucleonic compositions?,factual
2039314,Effective field theory of pairing rotations,2022-02-26,What is the relationship between pairing rotational bands in semimagic nuclei and the pairing spectrum in open-shell nuclei according to the effective field theory presented?,conceptual
1839198,Charged particles interaction in both a finite volume and a uniform magnetic field,2021-01-04,What type of quantization condition is obtained for short-range interactions between charged particles in a finite volume and a uniform magnetic field?,factual
1821359,Chiral extrapolation of the magnetic polarizability of the neutral pion,2020-10-04,"What formalism is used to calculate the magnetic polarizability of the neutral pion in the background magnetic-field formalism of lattice QCD, and how are the chiral extrapolation and leading nonanalytic terms of chiral perturbation theory handled?",factual
2126032,Euclidean dynamical triangulations revisited,2022-07-26,"What is the behavior of the latent heat in the first-order phase transitions as the coupling <math display=""inline""><mi>κ</mi></math> approaches infinity?",factual
2630142,The Los Alamos evaluation of $^{239}$Pu neutron-induced reactions in the fast energy range,2023-02-06,What is the energy range covered by the Los Alamos evaluation of $^{239}$Pu neutron-induced reaction cross sections reported in this paper?,factual
1846666,Isovector electromagnetic form factors of the nucleon from lattice QCD and the proton radius puzzle,2021-02-15,What are the lattice QCD results for the nucleon isovector magnetic moment ($\mu$) and the square of the isovector magnetic radius ($\langle r_{M^2} \rangle$) at the physical point?,factual
2133861,Spin-thermal Shear Coupling in Relativistic Nuclear Collisions,2022-08-08,"What previously overlooked, non-dissipative contribution to the spin polarization vector does the covariant theory of relativistic quantum fluids at local equilibrium imply, and how does it relate to the thermal shear?",factual
1862619,Macroscopic transports in a rotational system with an electromagnetic field,2021-05-10,"In the context of a rotational system with an orthogonal electromagnetic field and the lowest Landau level approximation, what physical effects lead to the generation of anomalous electric current, and how can chiral density and current be explained?",factual
2740664,From masses and radii of neutron stars to EOS of nuclear matter through neural network*,2023-12-25,How can neural network algorithms be used to reconstruct the equation of state (EOS) of high-density nuclear matter by leveraging neutron star mass-radius data?,conceptual
2618174,Unpolarized proton PDF at NNLO from lattice QCD with physical quark masses,2022-12-23,What is the order of the perturbative matching used in the lattice QCD calculation of the unpolarized isovector quark parton distribution function (PDF)?,factual
2826264,Weak decays in superheavy nuclei,2024-09-06,"According to the abstract, which types of transitions dominate the decay rates in almost all studied superheavy nuclei, and for proton-rich nuclei, which weak decay process dominates over the other?",factual
2724214,Quantum Simulation of Finite Temperature Schwinger Model via Quantum Imaginary Time Evolution,2023-11-20,What is the specific quantum algorithm used in the abstract to prepare thermal states for simulating the Schwinger model at finite temperatures?,factual
1982688,Spectral reconstruction in SU(4) gauge theory with fermions in multiple representations,2021-12-02,What is the primary approach used in this study to investigate the SU(4) gauge theory with fermions in multiple representations?,factual
2730506,The chiral separation effect from lattice QCD at the physical point,2023-12-05,What is the primary method used in this study to investigate the Chiral Separation Effect?,factual
2712173,Nonempirical shape dynamics of heavy nuclei with multitask deep learning,2023-10-17,What is the mean absolute error in reproducing the binding energies of \( ^{236}\text{U} \) using the proposed multitask deep learning method compared to using conventional multipole moments as latent variables?,factual
2078317,Equations of state for hot neutron stars-II. The role of exotic particle degrees of freedom,2022-05-06,"What are the exotic degrees of freedom considered in the equations of state for hot neutron stars, besides the baryonic octet?",factual
2606480,Kaon condensation in skyrmion matter and compact stars,2022-12-01,"In the generalized Skyrme model discussed in the abstract, what is the predicted range of densities for the onset of kaon condensation relative to saturation density?",factual
1840188,Implications of PREX-2 on the Equation of State of Neutron-Rich Matter,2021-01-08,"What is the value of L, the slope of the symmetry energy, as reported by the PREX collaboration and derived from Rskin208 within relativistic energy density functionals?",factual
1993905,Backpropagating Hybrid Monte Carlo algorithm for fast Lefschetz thimble calculations,2021-12-20,"What is the primary advantage of the proposed ""backpropagating"" Hybrid Monte Carlo algorithm for Lefschetz thimble calculations compared to previous methods?",conceptual
2918161,Jet shape modification in a transport calculation,2025-05-05,What are the two primary mechanisms through which jets lose energy in relativistic heavy ion collisions as described in the abstract?,factual
2158311,Analytic structure of the Landau gauge quark propagator from Padé analysis,2022-09-29,"What is the approximate Euclidean momentum at which a pole is observed for the Landau gauge quark propagator, and what is its relevance to effective quark masses?",factual
1983914,LeapfrogLayers: A Trainable Framework for Effective Topological Sampling,2021-12-02,What is the primary advantage of using LeapfrogLayers compared to traditional HMC for sampling the topology of a 2D U(1) lattice gauge theory?,factual
2838938,Relativistic spin hydrodynamics revisited with general rotation by entropy-current analysis,2024-10-09,"What is the relationship between the constitutive relations of the stress-energy tensor and spin variables in the context of Dirac fermions with general thermal vorticity, according to the entropy-current analysis?",conceptual
2740584,The imprint of conservation laws on correlated particle production,2023-12-24,How does exact baryon number conservation generally affect event-by-event fluctuations of net-baryon number?,conceptual
2612874,Nuclear chiral rotation induced by superfluidity,2022-12-08,"According to the abstract, how does superfluidity influence the critical frequency and the onset of chiral rotation in nuclei, and what is the underlying mechanism for this influence?",conceptual
2955456,Influence of electromagnetic fields on the generation of the directed and elliptic flows of heavy quarks in relativistic heavy-ion collisions,2025-07-30,"How do self-generated electromagnetic fields influence the directed flow ($v_1$) splitting of $D^0$ and $\bar{D}^0$ mesons in relativistic heavy-ion collisions, according to the PHSD approach?",factual
2098297,Green's function knockout formalism,2022-06-20,"What is the standard theoretical approach for describing knockout nuclear reactions, and what are its limitations, especially concerning exotic nuclei?",conceptual
2670451,Superheavy elements and ultradense matter,2023-06-20,What mass density range is predicted for elements in the island of nuclear stability around $Z=164$ based on the relativistic Thomas-Fermi model?,factual
1828477,"Charmonium-like resonances with J$^{PC}$ = 0$^{++}$, 2$^{++}$ in coupled $ \mathrm{D}\overline{\mathrm{D}} $, $ {\mathrm{D}}_{\mathrm{s}}{\overline{\mathrm{D}}}_{\mathrm{s}} $ scattering on the lattice",2020-11-04,What are the J$^{PC}$ quantum numbers investigated in this lattice QCD study of coupled $Dar{D}$ and $D_sar{D}_s$ scattering?,factual
2127368,Kinetic Theory for Massive Spin-1 Particles,2022-07-28,What is the relationship between the Boltzmann equation for the scalar distribution function derived from the Wigner function formalism for massive spin-1 particles and previous calculations for spin-1/2 particles?,factual
1811583,Catalysis of Transmutations by Heavy Electron Quasiparticles in Crystallites,2020-08-04,"What is the proposed mechanism for inducing transmutations in a crystalline lattice, and what role does a heavy electron quasiparticle play in this process?",conceptual
2660205,Synthesis of Elements in Compact Stars in Pycnonuclear Reactions with Carbon Isotopes: Quasibound States vs. States of Zero-Points Vibrations,2023-05-16,"According to the abstract, which isotope of Magnesium is stable after synthesis from $^{12}$C isotopes with a relative motion energy of 4.881 MeV, and what is the key difference in formation probability between quasibound states and zero-point vibration states in pycnonuclear reactions?",summary
2762070,Microscopic origin of criticality at macroscale in QCD chiral phase transition,2024-01-22,What is the novel relation established in the abstract between the cumulants of the chiral order parameter and the correlations among the energy levels of quarks?,factual
2610487,Adjoint fermions at large-$N_c$ on the lattice,2022-12-05,What specific lattice technique is used in the abstract to overcome the high computational costs associated with simulating adjoint fermions at large-$N_c$?,factual
1836765,Fluid velocity from transverse momentum spectra,2020-12-14,What is the observed trend in the distribution of fluid velocity as the centrality of $\text{Pb}+\text{Pb}$ collisions at $\sqrt{s_{NN}}}=2.76$ TeV decreases?,factual
2082502,Fluctuations in the canonical ensemble of an Abelian charge,2022-05-15,"What kind of fluctuations are studied in the canonical ensemble where the net baryon number is exactly conserved, and what specific quantities are focused on regarding baryon and antibaryon multiplicities?",factual
2965683,Testing hydrodynamic response to initial-state geometry in Pb+$d^\uparrow$ collisions,2025-08-30,"How does the sign of the elliptic flow coefficient ($v_2$) correlate with the polarization states of deuterons in Pb + polarized deuteron collisions, according to the hydrodynamic response to initial-state geometry?",factual
2659661,Neural network predictions of inclusive electron-nucleus cross sections,2023-05-14,"What nuclei were considered for predicting electron-scattering cross sections using a neural network, and which of these are of particular interest for neutrino oscillation programs?",factual
2087060,Optimizing creation operators for charmonium spectroscopy on the lattice,2022-05-23,"What technique, used in lattice calculations, defines smearing for quark fields as a low-rank linear projection operator into a small vector space of smooth gauge-covariant fields?",factual
2874149,Split-even approach to the rare kaon decay $K \to \pi \ell^+ \ell^-$,2025-01-30,"What is the primary limitation in the direct computation of the rare kaon decay $K 	o 
u ightarrow 
u ar{
u}$ at the physical point, as mentioned in the abstract?",factual
2756991,Recent Progress in the Electroweak Structure of Light Nuclei Using Quantum Monte Carlo Methods,2024-02-09,What types of nuclear processes are discussed in the review regarding their electroweak structure using Quantum Monte Carlo methods?,summary
2835314,"Nuclear shape / phase transitions in the $N = 40, 60, 90$ regions",2024-09-30,"What nuclear structure indicators are examined in the abstract to identify signs of phase transitional behavior in the N = 40, 60, and 90 regions?",factual
1952167,Machine learning spectral functions in lattice QCD,2021-10-26,What is the prominent feature of the SVAE model proposed in this paper for reconstructing spectral functions?,factual
2601280,Probing Fractional Quantum Hall Sheets in Dense Baryonic Matter,2022-11-27,How are octet baryons described in the context of fractional quantum Hall droplets when considering the $\eta^\prime$ meson and $N_f=3$?,factual
1944052,Analytic expansions of multi-hadron finite-volume energies. I. Two-particle states,2021-10-13,What is the role of accidental degeneracies and the definition of a power-counting scheme in the derivation of analytic expansions for finite-volume energies of two-particle systems?,conceptual
2161576,"Medium-dependent relativistic <math><mrow><mi mathvariant=""italic"">NN</mi></mrow></math> potential: Application to fusion dynamics",2022-04-12,"How does the inclusion of in-medium effects in the DDR3Y NN potential, through density-dependent nucleon-meson couplings, influence the fusion barrier and fusion/capture cross-section compared to the R3Y interaction?",conceptual
2959629,Hybrid renormalization for distribution amplitude of a light baryon in large momentum effective theory,2025-08-12,What is the purpose of matching to perturbative matrix elements in the $\overline{\text{MS}}$ scheme in the context of hybrid renormalization for light baryon quasi-DAs?,factual
2923429,Enhancing the creation of elements in laser-assisted heavy-ion fusion reactions,2025-05-21,What is the approximate percentage enhancement in the average $\mmultiscripts><mi mathvariant=,factual
2514100,All-mode renormalization for tensor network with stochastic noise,2022-11-23,How does the proposed common noise method in tensor network calculations differ from the truncated singular value decomposition in terms of accuracy and computational cost for the Ising model on a square lattice?,factual
3073737,Nucleon-nucleon scattering up to next-to-leading order in manifestly Lorentz-invariant chiral effective field theory: low phases and the deuteron,2025-10-26,"What approach is used to describe nucleon-nucleon interaction in the published research, and what are the key findings regarding low partial waves and deuteron properties?",summary
2796532,"Feasibility of the observation of $\eta^{\prime}$ mesic nuclei in the semi-exclusive $^{12}$C($p, dp$) reaction",2024-06-10,What reaction is proposed as feasible for the observation of $\eta^{\prime}$ mesic nuclei using the JAM transport model?,factual
3072523,Computing nuclear response functions with time-dependent coupled-cluster theory,2025-10-22,"What is the primary method used to compute nuclear response functions in this study, and how does it account for correlations beyond the mean field?",conceptual
2760399,Behavior of the continuum coupling correlation energy in the vicinity of the particle emission threshold - Gamow shell model study,2024-02-20,What specific near-threshold states of 7Li and 7Be are studied using the Gamow shell model in this work?,factual
2721817,The topological susceptibility slope χ$^{′}$ of the pure-gauge SU(3) Yang-Mills theory,2023-11-11,What is the value of the pure-gauge SU(3) topological susceptibility slope $\chi^{′}$ obtained from the lattice Monte Carlo simulations in the abstract?,factual
2098236,Longitudinal and transverse form factors from $^{65}$Cu and $^{71}$Ga nuclei,2022-06-18,What model space and effective interaction are used for the shell model calculations of longitudinal and transverse form factors for $^{65}$Cu and $^{71}$Ga nuclei?,factual
1940908,Anderson metal-to-critical transition in QCD,2021-10-10,"According to the abstract, what is the nature of the high-T state in QCD in the context of the Anderson metal-to-insulator transition analogy, and what plays a key role in shaping its IR physics?",conceptual
2892222,QCD Predictions for Physical Multimeson Scattering Amplitudes,2025-02-20,"What specific meson combinations and quark masses were used in the lattice QCD calculations to determine three-particle scattering amplitudes, and at what lattice spacing?",factual
2869848,"Branching ratio and information entropy for the <math><mi>p</mi><mo> </mo><mrow><mo>+</mo><mmultiscripts><mi mathvariant=""normal"">C</mi><mprescripts/><none/><mn>12</mn></mmultiscripts></mrow></math> reaction in the extended-quantum-molecular-dynamics model",2025-01-29,"According to the extended-quantum-molecular-dynamics (EQMD) model, how does the branching ratio for the quasielastic reaction differ between a triangular $3\alpha$ structured $^{12}$C and a spherical $^{12}$C?",factual
1853985,Deuterium-tritium fusion process in strong laser fields: Semiclassical simulation,2021-03-26,What is the primary method used in the abstract to simulate the deuterium-tritium fusion process in strong laser fields?,factual
1821755,Lattice regularisation and entanglement structure of the Gross-Neveu model,2020-10-07,What phenomenon explains the degeneracy of elementary kink excitations in the N-flavour Gross-Neveu model constructed with Hamiltonian lattice regularisation?,conceptual
1868286,Stiffening of matter in quark-hadron continuity,2021-06-12,What is the relationship between the saturation effects and short-range interactions of quarks according to the abstract?,conceptual
1969354,Lattice results for the longitudinal spin structure and color forces on quarks in a nucleon,2021-11-16,"What are the best estimates for the twist-2 contribution $a_2$ and the twist-3 contribution $d_2$ to the spin structure functions for the proton and neutron, respectively, as calculated using lattice QCD and neglecting quark-line disconnected contributions?",factual
1980687,Quark-diquark potential and diquark mass from lattice QCD,2021-11-30,"In the context of treating the $\Lambda_c$ baryon as a charm-diquark ($c$-[ud]) two-body bound state, how is the diquark mass determined according to the HAL QCD method extension used in the study?",factual
2787389,A study of the fine-structure constant dependence of radiative capture in Halo-EFT,2024-05-16,"Within the Halo Effective Field Theory framework, how does the fine-structure constant dependence of selected radiative capture reaction rates deviate from a simple penetration factor parameterization?",conceptual
3089264,Complex-energy eigenvector continuation for nuclear many-body broad resonances,2025-12-04,What nuclear systems were studied using the complex-energy eigenvector continuation (EC) method to analyze broad resonances?,factual
1835299,Role of exact treatment of thermal pairing in radiative strength functions of $^{161-163}$Dy nuclei,2020-12-09,"How does the inclusion of exact thermal pairing (EP) in the phonon damping model (PDM) affect the description of the radiative strength function (RSF) for Dy161–163 nuclei, and what is the consequence for the number of free parameters compared to phenomenological models?",factual
2745230,Exploring the QCD phase diagram with three flavors of Möbius domain wall fermions,2024-01-10,What lattice sizes and quark masses were used in the simulations of the QCD phase transition with three flavors of Möbius domain wall fermions at zero baryon density and a fixed lattice spacing of $a=0.1361(20)$ fm?,factual
2742408,3D multi-system Bayesian calibration with energy conservation to study rapidity-dependent dynamics of nuclear collisions,2023-12-31,What specific types of experimental data are used to calibrate the parameterized model for rapidity-dependent energy deposition in the 3D hydrodynamic simulations?,factual
3088504,Excitation function of femtoscopic Lévy source parameters of pion pairs in EPOS4,2025-12-02,"According to the abstract, how do the femtoscopic source parameters \(R_{\rm side}\) and \(R_{\rm long}\) depend on transverse momentum (\(m_T\)) and collision energy in the STAR Beam Energy Scan range as simulated by the EPOS4 model?",factual
2844235,One-proton emission from <math><mmultiscripts><mi>Sb</mi><mprescripts/><none/><mn>102</mn></mmultiscripts></math> and its sensitivity to the proton-neutron interaction,2024-10-30,What is the suggested ground state of \(^102\)Sb and what theoretical assumption leads to this conclusion regarding its potential as a proton emitter?,factual
2166734,Extended superscaling with two-particle emission in electron and neutrino scattering,2022-10-18,"How is the extended superscaling analysis extended in this work to incorporate two-particle emission, and what does the $q$-dependent parameter represent in this context?",conceptual
2947368,Color field configuration between three static quarks,2025-07-15,"According to the abstract, what are the two components of the color electric and magnetic fields within Yang-Mills-Proca theory with external sources?",factual
1798539,Running the gamut of high energy nuclear collisions,2020-05-29,"What types of heavy ion collisions, including asymmetric and proton-proton collisions, are studied within the presented hybrid formalism, and at which colliders (LHC, RHIC) are these collisions performed?",summary
1876529,Machine learning approach to pattern recognition in nuclear dynamics from the ab initio symmetry-adapted no-core shell model,2021-07-03,"What specific nuclear wave functions were used to train the neural network in this study, and for which nuclei?",factual
2921425,Probing how bright the quark-gluon plasma glows in lattice QCD,2025-05-15,"What temperature, in MeV, was used to calculate the two moments of the photon spectrum emitted by the quark-gluon plasma in this lattice QCD study?",factual
2606472,Momentum transfer dependence of kaon semileptonic form factor on (10 fm)$^4$ at the physical point,2022-11-30,What lattice spacings were used in the calculation of kaon semileptonic form factors in this study?,factual
2691250,Core destruction in knockout reactions,2023-08-25,"According to the presented model, what is the maximum percentage decrease in core survival probability due to secondary collisions between nucleons and the projectile core?",factual
1869930,Light hyperclusters and hyperons in low-density hot stellar matter,2021-06-23,"In the context of low-density hot stellar matter described by a relativistic mean-field model, how does the presence of hyperons influence the dissolution density and abundance of light nuclei, and how do charge fraction and temperature affect this influence?",factual
2634718,QCD thermodynamics and neutral pion in a uniform magnetic field: Finite volume effects,2023-02-17,"What are the thermodynamic quantities for which volume effects are calculated using next-to-leading order chiral perturbation theory in a background magnetic field, according to the abstract?",factual
2803482,Three-nucleon correlations in light nuclei yield ratios from the AMPT model for QCD critical point investigations*,2024-06-30,How does the inclusion of the three-nucleon correlation $ C_{n^2p} $ affect the extraction of relative neutron density fluctuation in the AMPT model for Au+Au collisions?,factual
1978838,Off-equilibrium non-Gaussian fluctuations near the QCD critical point: an effective field theory perspective,2021-11-29,How can effective field theory be used to study off-equilibrium non-Gaussian fluctuations of a conserved charge density in the context of heavy-ion collisions?,conceptual
2826937,Strangeness in Astrophysics,2024-09-10,"What specific phenomena involving strange hadronic matter in neutron stars are discussed in this contribution, including the hyperon puzzle, kaon condensation, and the thermal behavior of hyperons in neutron star mergers?",summary
1792990,Intrinsic operators for the translationally-invariant many-body problem,2020-04-24,"What is the relationship between the intrinsic-frame expression, the explicitly two-body expression in terms of relative coordinates, and the decomposition into one-body and separable two-body parts for general operators bilinear in coordinates and momenta in the nuclear many-body problem?",summary
2593325,Exotic properties of N^*(1895) and its impact on photoproduction of light hyperons,2022-11-25,What is the estimated branching ratio for the decay of $N^*(1895)$ to final states involving $\Lambda(1405)$ and $\Sigma(1400)$?,factual
2874485,The Physicist's Guide to the HMC,2025-01-31,"For quadratic actions $S(x)=\frac12 x^\mathsf{T} M x$, to what sampling method does the HMC algorithm with exact Fourier acceleration (EFA) become equivalent?",factual
2006876,Optimized two-baryon operators in lattice QCD,2022-01-08,"What type of heavy dibaryons are calculated using the optimized two-baryon operators in the HAL QCD method, and what flavors of quarks are considered for the Q in $\Omega_{3Q}\Omega_{3Q}$?",factual
2879646,Internal color contributions to flux tube entanglement entropy,2025-02-12,"What form does the internal color entropy of the flux tube take, according to the abstract, and what factors influence it?",conceptual
1866104,Hyperonization in compact stars,2021-05-28,"What role do $\Delta$-resonances play in the hyperonization of dense matter within compact stars, according to the covariant density functional approach?",conceptual
2640773,Conservation Laws and Hydrodynamics,2023-10-17,"What aspects of relativistic hydrodynamics are highlighted in this proceeding, specifically concerning pseudo-gauge transformations and spin hydrodynamics?",summary
2057403,Investigation on the Hyperonic Star in Relativistic Mean-field Model,2022-03-23,"In the context of the relativistic mean-field (RMF) model, what properties of a hyperonic star, beyond its mass and radius, are investigated in this study, and what condition on the vector coupling constants of mesons to hyperons can lead to a massive hyperonic star with present RMF parameter sets?",factual
2736993,Exploring the freeze-out hypersurface of relativistic nuclear collisions with a rapidity-dependent thermal model,2023-12-14,"How does the rapidity-dependent thermal model, when applied to relativistic nuclear collisions, incorporate thermal smearing and longitudinal boost?",conceptual
1982280,Maximum latent heat of neutron star matter without GR,2021-12-01,"What role does the specific latent heat play in characterizing first-order phase transitions in neutron stars, according to the abstract?",conceptual
2923914,Seniority-two valence-shell building blocks of the octupole phonon,2025-05-22,"In the context of a simplistic shell-model approach using harmonic oscillator wavefunctions and a residual $\delta$ interaction, how does the energy gain compare between the $\Delta j=3, \Delta l =3$ and $\Delta j=3, \Delta l =1$ subshell combinations in the particle-particle channel?",factual
2914926,Effect of spin polarization on transport and thermodynamic properties,2025-04-23,"How does spin polarization affect the squared speed of sound ($c_s^2$) and specific bulk viscosity ($ζ/s$) in non-central O+O collisions, and at what collision energy does a nonmonotonic dependence with an inflection point emerge?",factual
1791789,Locating the freeze-out curve in heavy-ion collisions,2020-04-18,"How does the chiral condensate's relaxation time compare to the fluid dynamical fields' evolution time at LHC energies, and what is the implication for hadron masses at chemical freeze-out?",conceptual
3092459,Correlated fission fragment spin dynamics,2025-12-12,How does the rapid rise in temperature and concurrent shrinking of the neck in fission influence the equilibrium of rotational modes and subsequent nucleon exchange?,conceptual
2670353,Lattice QCD and Baryon-Baryon Interactions,2024-02-18,What is the most reliable method currently used for studying baryon-baryon interactions in lattice QCD?,factual
2863722,Machine learning orbital-free density functional theory resolves shell effects in deformed nuclei,2024-12-30,What challenge has historically prevented orbital-free density functional theory from accurately describing deformed atomic nuclei?,factual
1804295,Accurate bulk properties of nuclei from $A=2$ to $\infty$ from potentials with $\Delta$ isobars,2020-06-30,What properties of nucleon systems are used to constrain the low-energy constants of the contact potentials in the $\Delta$-full nuclear interactions?,factual
1870144,Relativistic kinetic approach to light nuclei production in high-energy nuclear collisions,2021-06-23,What relativistic kinetic approach is developed in this study to describe the production of light (anti-)nuclei in high-energy nuclear collisions?,summary
2722700,"Role of the isospin diffusion on the cluster transfer in <math><mrow><mmultiscripts><mi mathvariant=""normal"">C</mi><mprescripts/><none/><mrow><mn>12</mn><mo>,</mo><mn>14</mn></mrow></mmultiscripts><mo>+</mo><mmultiscripts><mi>Bi</mi><mprescripts/><none/><mn>209</mn></mmultiscripts></mrow></math> reactions",2023-11-15,"How does the equilibrium of the neutron-to-proton ratio influence clustering in the $^{12,14}$C + $^{209}$Bi reactions according to the time-dependent Hartree-Fock approach?",factual
2651432,Dynamic scaling of order parameter fluctuations in model B,2023-04-14,"What is the determined dynamical critical exponent $z$ for the stochastic diffusion equation with a conserved charge in the vicinity of a critical point in the Ising universality class, and how does it compare to the predictions of the epsilon expansion?",factual
2148933,Cold dense quark matter with phenomenological medium effects: A self-consistent formulation of the quark-mass density-dependent model,2022-09-07,"In the context of the quark-mass density-dependent model, how does reformulating the model in the canonical ensemble instead of the grand canonical ensemble resolve thermodynamic inconsistencies?",conceptual
1830407,Microscopic shell-model counterpart of the Bohr–Mottelson model,2020-11-14,"What specific shell-model coupling scheme within the proton-neutron symplectic model (PNSM) allows for the identification of a microscopic counterpart to the Bohr-Mellon model, and what algebraic structure classifies its basis states?",factual
2151480,Posterior predictive distributions of neutron-deuteron cross sections,2022-09-14,What method is used to solve the Faddeev equations for elastic scattering in the context of neutron-deuteron cross sections?,factual
2965697,Impacts of isolated nucleon-nucleon correlations in relativistic $^{16}$O+$^{16}$O collisions,2025-08-30,"What does the notation $C(Δr)$ represent in the context of relativistic $^{16}$O+$^{16}$O collisions, as described in the abstract?",factual
1846024,Pion form factor and charge radius from lattice QCD at the physical point,2021-02-11,"What is the estimated charge radius of the pion for physical pion mass, according to the lattice QCD simulations presented in the abstract?",factual
1850764,Gross features of the spectrum of the 36Ar nucleus,2021-03-09,"How does the MUSY model describe the gross features of the spectra of the 36Ar nucleus across different energy windows, deformations, and reactions, and what is the significance of SU(3) quantum numbers in this description?",summary
2860878,Applying the Triad network representation to four-dimensional ATRG method,2024-12-18,How does the proposed triad representation of the four-dimensional ATRG method affect the computational cost while maintaining the convergence accuracy of the free energy for the four-dimensional Ising model?,conceptual
1838797,Nonequilibrium information entropy approach to ternary fission of actinides,2020-12-29,What is the inferred saddle-to-scission relaxation time for ternary fission of actinides that do not reach a quasiequilibrium form?,factual
2917192,Unified quark mean-field equation of state for neutron star matter: Static and dynamic properties,2025-05-01,"How does the quark mean-field (QMF) model's prediction for the thermal relaxation time of neutron stars during rapid cooling via the direct Urca (dUrca) process compare to observations when considering large values of the nuclear symmetry energy slope ($L_0 ebbero 80 \text{ MeV}$)?",factual
1909765,Existence and Non-Existence of Doubly Heavy Tetraquark Bound States,2021-08-24,"Does the lattice-QCD computation provide evidence for bound states in the $\bar{b}\bar{b}ud$ and $\bar{b}\bar{b}us$ systems, and what is the finding for the $\bar{b}\bar{c}ud$ system?",factual
1914674,Equations of state for hot neutron stars,2021-09-01,How is the density dependence of the nucleon effective mass found to influence the thermal properties of hot neutron stars?,conceptual
2850184,Untangling the interplay of the equation of state and the collision term toward the generation of directed and elliptic flow at intermediate energies,2024-11-19,"How do the Ultra-relativistic Quantum Molecular Dynamics (UrQMD) model calculations at <math><mrow><msub><mi>E</mi><mi>lab</mi></msub><mo>=</mo><mn>0.6</mn><mi>A</mi></mrow></math> GeV, <math><mrow><msub><mi>E</mi><mi>lab</mi></msub><mo>=</mo><mn>1.23</mn><mi>A</mi></mrow></math> GeV and <math><mrow><msqrt><msub><mi>s</mi><mrow><mi>N</mi><mi>N</mi></mrow></msub></msqrt><mo>=</mo><mn>3.0</mn></mrow></math> GeV with a hard Skyrme-type equation of state explain the generation of directed flow ($v_1$) and elliptic flow ($v_2$) in <math><mrow><mi>Au</mi><mo>+</mo><mi>Au</mi></mrow></math> collisions, specifically regarding the interplay between squeeze-out and shadowing?",conceptual
2941287,Bremsstrahlung emission accompanying ternary fission of \isotope[252]{Cf},2025-07-02,"According to the abstract, what aspects of ternary fission are bremsstrahlung spectra highly sensitive to, and which of these aspects has the most significant impact on bremsstrahlung intensity?",conceptual
1985865,Renormalization constants of overlap quark bilinear operators from RI/MOM and RI/SMOM scheme,2021-12-07,What types of quark operators' renormalization constants (RCs) are calculated in this study using overlap valence fermion?,factual
2603241,Fusion systematics for weakly bound nuclei using neutron flow and collective degrees of freedom,2022-12-01,"According to the abstract, what two models were used to analyze fusion cross sections around the Coulomb barrier for weakly bound and strongly bound projectiles?",factual
2911571,Comparison of smoothening flows for the topological charge in QCD-like theories,2025-04-14,What is the primary observation regarding the stabilization of the topological charge definition using the overimproved DBW2 flow at small flow times?,factual
3097859,Comment on QED Corrections to the Parity Violating Asymmetry in High-Energy Electron-Nucleus Scattering,2026-01-04,"What is the claimed radiative correction to the parity-violating asymmetry $A_{pv}$ in electron-nucleus scattering according to Roca-Maza and Jakubassa-Amundsen, and how does the inclusion of the axial-vector vertex correction to $Z^0$ exchange affect this correction?",factual
2787853,Modeling stochastic fluctuations in relativistic kinetic theory,2024-05-17,What is the probability of breaking Boltzmann's molecular chaos postulate in a box containing $N > 5$ particles according to the developed relativistic kinetic theory framework?,factual
2085686,The proton structure in and out of muonic hydrogen,2022-05-20,"What nuclear effects are introduced in hydrogen-like atoms in the context of probing light nuclei with muonic atoms, and how do these effects influence the Lamb shift and hyperfine splitting (HFS) of muonic hydrogen ($\mu$H)?",conceptual
2923911,Lattice study of correlators of chromoelectric fields for heavy quarkonium dynamics in the quark-gluon plasma,2025-05-22,What Casimir factor rescaling relates the adjoint correlators for adjoint heavy quark diffusion and octet-octet quarkonium transitions to the chromoelectric correlator for heavy quark diffusion in the fundamental representation?,factual
2059439,Topological properties of minimally doubled fermions in two spacetime dimensions,2022-03-29,"How do Karsten-Wilczek and Borici-Creutz fermions perceive the global topological charge $q$ in the two-dimensional Schwinger model, and how does this perception compare to other types of fermions like Wilson, Brillouin, naive, staggered, and Adams fermions?",factual
2655561,Numerical tests of the large charge expansion,2023-04-30,What improvements were made to the Worm algorithm and measurement scheme to obtain reliable measurements for large charge values in the critical O(2) model?,factual
2760385,Non-nucleonic degrees of freedom and the spin structure of the deuteron,2024-02-20,"What signatures indicate the existence of non-nucleonic states in the deuteron's ground state, particularly in light of electro-disintegration reactions at large $Q^2$?",conceptual
2736517,Theoretical developments on the initial state in relativistic particle collisions,2023-12-12,What types of experimental data are used to constrain the high-energy structure of nuclei in weak coupling based approaches for heavy ion collisions?,factual
2806808,Contact operators in renormalization of attractive singular potentials,2024-07-11,What challenge arises in the renormalization of chiral nuclear forces in the <math><mmultiscripts><mi>P</mi><mn>0</mn><none/><mprescripts/><none/><mn>3</mn></mmultiscripts></math> channel at <math><mrow><msup><mrow><mi mathvariant=,factual
2900433,Scaling and universality in strange quark stars,2025-03-14,"What universal relations for strange quark stars have been identified to connect their global properties, such as moment of inertia and tidal deformability, and how do these relations compare to those for neutron stars?",summary
2824151,Generalized BKT Transitions and Persistent Order on the Lattice,2024-08-31,"What type of phase transition is described in the abstract, and what drives it?",factual
1894379,"Charged pion production from Au + Au collisions at <math altimg=""si1.svg""><msqrt><mrow><msub><mrow><mi>s</mi></mrow><mrow><mi>N</mi><mi>N</mi></mrow></msub></mrow></msqrt><mo linebreak=""goodbreak"" linebreakstyle=""after"">=</mo><mn>2.4</mn></math> GeV in the relativistic Vlasov-Uehling-Uhlenbeck model",2021-07-28,"What physical phenomenon is studied using the isospin-dependent relativistic Vlasov-Uehling-Uhlenbeck (RVUU) model in Au+Au collisions at $\sqrt{s_{NN}} = 2.4$ GeV, as described in the abstract?",factual
2163183,Supernova neutrinos as a precise probe of nuclear neutron skin,2022-10-10,What is the ultimate precision for the neutron distribution radius $R_n$ and the neutron skin thickness $R_{\text{skin}}$ of lead (Pb) that can be achieved by the RES-NOVA project in the most optimistic case?,factual
2107895,On the proton-deuteron backward scattering,2022-07-08,"What relativistic deuteron wave functions were used in the study of elastic pD backward scattering, and how were they obtained?",factual
1835567,Infinite-range correlations in 1D systems with continuous symmetry,2020-12-06,"In (0+1) dimensions, what conditions on the chemical potential are required for O(N)-symmetric lattice scalar fields coupled to a chemical potential and source terms to exhibit infinite-range correlations and a non-zero vacuum expectation value, as demonstrated for N=2?",factual
2689251,An Alternative Scheme for Pionless EFT: Neutron-Deuteron Scattering in the Doublet S-Wave,2023-08-18,"What issue arises when using the effective-range expansion for two-body amplitudes, particularly in the context of three-body amplitudes and unitarity, as discussed in relation to pionless effective field theory for nucleons?",conceptual
1805259,Notes on lattice observables for parton distributions: nongauge theories,2020-07-04,What specific theoretical framework is used in the abstract to study and analyze lattice observables related to Parton Distribution Functions (PDFs)?,factual
3076089,Thermodynamic nature of upbend resonance and validity of Brink-Axel hypothesis in the low-energy region,2025-11-03,"According to the abstract, what is the origin of the upbend resonance (UBR) and how does it relate to the Brink-Axel hypothesis in the low-energy region?",conceptual
2952147,Bayesian inference of nuclear-matter density from proton scattering,2025-07-18,What nuclear isotopes were used as targets in the Bayesian inference analysis of proton scattering?,factual
2129293,Sub-barrier d+$^{208}$Pb scattering and sensitivity to nucleon-nucleon interactions,2022-07-30,How does the non-perturbative time-dependent basis function (tBF) approach account for higher-order effects in electric-dipole excitations of the deuteron projectile in sub-Coulomb barrier scattering with $^{208}$Pb?,conceptual
3076639,Revisiting the three-kaon interaction and its relation with $K(1460)$,2025-11-04,What is the hypothesis being tested regarding the $K(1460)$ in this study?,factual
2099992,Tensor polarization and the dissipative damping of vector meson in QCD Medium,2022-06-23,"What is the relationship between tensor polarization and hydrodynamic gradients in a QCD medium, as described by a fluctuation-dissipation relation?",conceptual
1795062,The study of Nuclear binding energy for $A\geq100$ based on Odd-Even staggering of nuclear masses,2020-05-10,"What are the root-mean-square deviations (RMSD) for predicting nuclear masses using the empirical formula for even-Z and odd-Z nuclei, respectively?",factual
1840012,Anisotropic fluid dynamical simulations of heavy-ion collisions,2021-01-07,What numerical methods are employed by the VAH simulation to solve the hydrodynamic equations for quark-gluon plasma in heavy-ion collisions?,factual
1831903,Latent heat and pressure gap at the first-order deconfining phase transition of SU(3) Yang-Mills theory using the small flow-time expansion method,2020-11-20,"What are the calculated values for the latent heat $|""\Delta \epsilon""|$ in the continuum limit for aspect ratios $N_s/N_t=8$ and $N_s/N_t=6$ at the transition temperature $T=T_c$?",factual
2127363,Resonance-to-bound transition of $^5$He in neutron matter and its analogy with heteronuclear Feshbach molecule,2022-07-28,What is the resonance-to-bound transition of $^5$He in neutron matter attributed to?,factual
1837727,Automatic differentiation for error analysis,2020-12-21,"What is the primary application area for the ADerrors.jl software, as mentioned in the abstract?",factual
1810909,Nonresonance Shake Mechanism in Neutrinoless Double Electron Capture,2020-08-10,"What is the percentage contribution of the nonresonance shake mechanism to the decay probability of ${}^{152}$Gd, and how is this contribution expected to change for nuclei with larger resonance defects?",factual
2678309,On the problems of creating a nuclear-optical frequency standard based on 229Th,2023-07-15,"What is the most probable candidate for a nuclear optical standard, and what is its energy?",factual
1840007,A description of the structure and electromagnetic breakup of $^{11}$Be with microscopic inputs,2021-01-08,What theoretical framework is used to describe the structure and electromagnetic breakup of $^{11}$Be in this study?,factual
2896604,"<math><mi>α</mi></math>-particle condensation in diluted <math><mmultiscripts><mi mathvariant=""normal"">O</mi><mprescripts/><none/><mn>16</mn></mmultiscripts></math> at finite temperature",2025-03-03,What is the approximate normalized density at which $\alpha$-particle clusters appear in diluted $^{16}$O at temperatures up to $T=4.10$ MeV?,factual
2146251,Fermi motion effects in electroproduction of hypernuclei,2022-09-02,"How does the inclusion of proton Fermi motion, beyond the ""frozen-proton"" approximation, affect the cross sections in the electroproduction of hypernuclei, and which components of the cross section are most influenced?",conceptual
2618611,Multi-hadron interactions from lattice QCD,2022-12-28,What types of multi-particle systems and interactions have been investigated using theoretical tools that connect finite-volume quantities to their infinite-volume counterparts in recent lattice QCD developments?,summary
2860659,Isospin effect on the liquid-gas phase transition for finite nuclei,2025-01-01,What is presented as a new experimentally accessible signature of the nuclear liquid-gas phase transition in the context of heavy-ion collisions?,factual
2088969,Neutron star crust properties: comparison between the compressible liquid-drop model and the extended Thomas-Fermi approach,2022-05-30,"Which nuclear models are compared in the abstract for analyzing the properties of non-uniform matter in neutron star crusts, and what are their key characteristics?",summary
2923442,An Overview of the MUSES Calculation Engine and How It Can Be Used to Describe Neutron Stars,2025-05-20,"Which two MUSES EoS modules were utilized in this study, and what four interpolation functions were employed to connect them?",factual
1923577,Interpreting machine learning functions as physical observables,2021-09-17,What statistical-mechanical methods can be applied to analyze phase transitions quantitatively using machine learning functions interpreted as physical observables?,factual
2968931,Scaling approach to rigid and soft nuclear deformation through flow fluctuations in high-energy nuclear collisions,2025-09-11,"How do the triangular flow fluctuations, specifically $c_{3,\varepsilon}\{4\}$ and the ratio $|c_{3,\varepsilon}\{4\}/c^2_{3,\varepsilon}\{2\}|$, relate to the fourth-order moment of octupole deformation, $\langle β^4_{3,\mathrm{U}} \rangle$, in relativistic $^{238}$U+$^{238}$U collisions according to the proposed scaling approach?",factual
2974318,Theoretical uncertainties in Gamow-Teller transitions of $^{76}$Ge,2025-09-29,How does the nuclear level density and the fragmentation of Gamow-Teller strengths change with the inclusion of higher-order quasiparticle configurations in the shell-model approach for $^{76}$Ge?,factual
2847988,Strange and charm quark contributions to the muon anomalous magnetic moment in lattice QCD with twisted-mass fermions,2024-11-13,"What are the quark-connected strange and charm contributions to the muon anomalous magnetic moment, as calculated in this lattice QCD study?",factual
2155130,Cross effects in spin hydrodynamics: Entropy analysis and statistical operator,2022-09-21,"According to the abstract, what thermodynamic principle is used to identify cross effects and new cross transport coefficients in first-order spin hydrodynamics?",factual
2848276,"Bottomonium properties in the quark-gluon plasma from a lattice-QCD informed <math display=""inline""><mrow><mi>T</mi></mrow></math>-matrix approach",2024-11-13,"How does the T-matrix approach, informed by lattice QCD results, describe bottomonium correlation functions in the quark-gluon plasma, and what role do the in-medium potential and interference function play?",conceptual
2770238,Characteristics of the fission fragments in the three-body model of binary fission,2024-03-18,"According to the model described, what is the origin of the $\alpha$-particle formed between the two heavy fragments during binary fission?",factual
2034241,Pure gauge theories and spatial periodicity,2022-02-17,"In pure gauge theories at thermal equilibrium, what property of the gauge fields leads to spatial periodicity in the functional integral treatment, and what is the implication for the resulting states compared to theories with gauge-invariant observables that are periodic?",conceptual
1856533,Thermodynamics of pairing transition for odd-A nuclei,2021-04-06,How does the blocking effect of single-particle levels near the Fermi surface influence the S-shaped heat capacity in odd-A nuclei like $\mathrm{^{171}Yb}$?,conceptual
1859292,Static magnetic susceptibility in finite-density $SU\left( 2\right) $ lattice gauge theory,2021-04-20,"In the context of the SU(2) lattice gauge theory with $N_f = 2$ light flavours, what is the approximate range of the first coefficient of the expansion of the static magnetic susceptibility $\chi (T, \mu )$ in even powers of $\mu /T$ around $\mu =0$, for temperatures $0.727 \le T/T_c \le 2.67$?",factual
2799208,Investigating the excitation function of HBT radii for Lévy-stable sources,2024-06-17,"How does the use of a Lévy-stable source description, compared to a Gaussian approximation, alter the conclusions drawn about the excitation function of HBT radii?",conceptual
2710588,Heavy flavor production in the Parton-Hadron-String Dynamics (PHSD),2023-10-13,How are the production and interactions of open and hidden heavy flavors in heavy-ion collisions modeled within the Parton-Hadron-String Dynamics (PHSD) approach?,factual
2788156,"Investigation of suppression of <math><mrow><mi mathvariant=""normal"">Υ</mi><mo>(</mo><mi>n</mi><mi>S</mi><mo>)</mo></mrow></math> in relativistic heavy-ion collisions at <math><mrow><msqrt><msub><mi>s</mi><mrow><mi>N</mi><mi>N</mi></mrow></msub></msqrt><mo>=</mo><mn>200</mn></mrow></math> GeV and 5.02 TeV",2024-05-19,What mechanisms are considered in the model study for the dissociation of <math><mrow><mi mathvariant=,factual
2774995,QCD Predictions for Meson Electromagnetic Form Factors at High Momenta: Testing Factorization in Exclusive Processes,2024-04-05,What is the momentum transfer range for which the lattice QCD computation of pion and kaon electromagnetic form factors shows good agreement with JLab experimental results?,factual
2843452,"Comment on: ""Investigating the time dependence of neutron-proton equilibration using molecular dynamics simulations"" by A.Jedele et al: Phys Rev C 107, 024601 (2023)",2024-10-28,"What specific nuclear system and beam energy were investigated in the work commented upon, as mentioned in the abstract?",factual
1826886,Sensitivity of the Polyakov loop to chiral symmetry restoration,2020-10-29,How does the abstract suggest the Polyakov loop's scaling behavior relates to chiral symmetry restoration in the context of 3-$d$$O(N)$ universality classes?,conceptual
1860971,Constraining Isovector Nuclear Interactions with Giant Dipole Resonance and Neutron Skin in $^{208}$Pb from a Bayesian Approach,2021-04-27,"What is the impact of combining neutron-skin thickness data and isovector giant dipole resonance data on constraining isovector interaction parameters in $^{208}$Pb, according to the Bayesian analysis?",factual
1833572,Deformed halo of $^{29}_9F_{20}$,2020-11-26,"According to the abstract, what two factors contribute to the prolate deformation of the ground state of $^{29}$F?",factual
2764767,Observations on spontaneous chiral symmetry breaking and the mass gap of QCD in finite volume,2024-03-02,"According to the abstract, at what spatial size $L$ does the degeneracy between scalar and pseudoscalar 2-point correlators become apparent, suggesting the disappearance of spontaneous chiral symmetry breaking?",factual
2690238,Stellar weak-interaction rates for rp-process waiting-point nuclei from projected shell model,2023-08-22,What is the effect of higher-order quasiparticle configurations on the stellar weak-interaction rates for rp-process waiting-point nuclei within the projected shell model?,conceptual
1868276,Rotated twisted-mass: a convenient regularization scheme for isospin breaking QCD and QED lattice calculations,2021-06-13,What is the primary practical advantage of the proposed rotated twisted-mass regularization scheme for isospin breaking lattice calculations compared to analogous functions with the same Wilson parameter r?,factual
2164056,Quantum electrodynamics on the lattice and numerical perturbative computation of g − 2,2022-10-11,What order of the electron g factor is computed in quenched quantum electrodynamics (QED) on the lattice in this study?,factual
2037634,"Lattice calculation of the pion mass difference <math display=""inline""><mrow><msub><mrow><mi>M</mi></mrow><mrow><msup><mrow><mi>π</mi></mrow><mrow><mo>+</mo></mrow></msup></mrow></msub><mo>-</mo><msub><mrow><mi>M</mi></mrow><mrow><msup><mrow><mi>π</mi></mrow><mrow><mn>0</mn></mrow></msup></mrow></msub></mrow></math> at order <math display=""inline""><mrow><mi mathvariant=""script"">O</mi><mo stretchy=""false"">(</mo><msub><mrow><mi>α</mi></mrow><mrow><mi>em</mi></mrow></msub><mo stretchy=""false"">)</mo></mrow></math>",2022-02-24,"What is the calculated value of the charged/neutral pion mass difference, $M_{\pi^{+}} - M_{\pi^{0}}$, at the physical point after continuum and infinite volume extrapolation, according to the presented lattice calculation?",factual
2034236,Effects of triaxiality and pairing interaction on fission barriers of actinide nuclei,2022-02-17,"According to the study, what impact does triaxiality have on the inner fission barriers of actinide nuclei, and how does adjusting the BCS pairing strength parameter further influence these barriers and other nuclear properties?",summary
2920221,Quarkyonic picture of isospin QCD,2025-05-11,"Within the quarkyonic framework for cold isospin QCD matter, what are the essential components and the conditions under which quark-antiquark correlations with quantum numbers of pions form?",conceptual
2819121,Modeling net-charge fluctuations in heavy-ion collisions at the LHC*,2024-08-18,"How does the inclusion of explicit event-by-event conservation of electric net-charge in the HYDJET++ model affect its description of experimental data for net-charge fluctuations in Pb+Pb collisions at LHC energies, as compared to the standard version?",factual
1946017,"Finite-density QCD, $\mathcal{PT}$ symmetry, and exotic phases",2021-10-14,What type of symmetry does finite-density QCD possess under the combined operation of charge and complex conjugation operators $\mathcal{CK}$?,factual
2016356,Self-dual U(1) lattice field theory with a θ-term,2022-01-24,What is the duality group generated by electric-magnetic duality and shifts of the \theta-angle by 2\pi for dyonic matter in U(1) lattice gauge theories with \theta-terms?,factual
2618618,Chiral critical behavior of 3D lattice fermionic models with quartic interactions,2022-12-28,What are the values of $N_f$ for which Monte Carlo simulations were performed in the study of the 3D lattice Gross-Neveu model?,factual
2839599,Approaches to the Inverse Problem,2024-10-13,What are the primary theoretical and algorithmic advancements driven by the 'inverse problem' in lattice gauge theories?,conceptual
2165161,Far-from-equilibrium attractors with a realistic non-conformal equation of state,2022-10-13,"In the context of anisotropic hydrodynamics and Bjorken expansion, how does the evolution of the scaled longitudinal pressure behave for non-conformal systems with a constant mass, and how does it compare to the late-time Navier-Stokes attractor?",factual
1842845,Soft pions and transport near the chiral critical point,2021-01-26,"How do enhanced fluctuations of the order parameter $(\sigma, \vec{\pi})$ near the $O(4)$ critical point of QCD modify the transport coefficients?",factual
2811640,Investigation of Kaonic Atom Optical Potential by the High-Precision Data of Kaonic $^{3}$He and $^{4}$He Atoms,2024-07-29,What is the main goal of the investigation described in the abstract regarding kaonic atom optical potentials for \textsuperscript{3}He and \textsuperscript{4}He?,summary
2941939,Extended momentum-dependent interaction for transport models and neutron stars,2025-07-03,What are the three different momentum-dependent (MD) terms and three zero-range density-dependent (DD) terms that extend the MDI model to the MDI3Y model?,factual
1860754,Symmetry energy extracted from the SπRIT pion data in Sn+Sn systems,2021-04-25,"According to the abstract, what value of the symmetry energy parameter $L(\rho_0)$ best describes the $\pi^-/\pi^+$ yields and ratios observed in Sn+Sn collisions at 270 MeV/nucleon?",factual
1823738,Mass-dependent sequential freeze-out of hadrons,2020-10-19,"According to the abstract, what model is used to determine the freeze-out temperatures of hadrons?",factual
2926170,Convergence of the ppp correlation function within the hyperspherical adiabatic basis,2025-05-28,"According to the abstract, what is the maximum spin and parity ($J^{\pi}$) of three-body states that need to be considered to accurately describe the correlation tail in the ppp correlation function, and what is the energy range at which the convergence properties of the adiabatic basis were studied?",factual
1800924,Four quark operators for kaon bag parameter with gradient flow,2020-06-12,What is the purpose of calculating the matching coefficients for four quark operators and quark bilinear operators in the context of the kaon bag parameter using the small flow-time expansion (SFtX) method?,conceptual
1856084,Hybrid stars can be self-bound,2021-04-03,What type of matter composes the surface of hybrid stars according to the abstract?,factual
2142316,The lambda hyperon and the hyperon puzzle,2022-08-26,"According to the abstract, how does the inclusion of the lambda hyperon influence the neutron star equation of state (EoS), and what is the consequence of this influence on the maximum mass of a modeled neutron star?",factual
1986643,Riemannian Manifold Hybrid Monte Carlo in Lattice QCD,2021-12-08,"How does replacing the canonical mass term in the HMC algorithm with a rational function of the SU(3) gauge covariant Laplacian, inspired by Fourier acceleration, aim to address the critical slowing down problem in lattice QCD calculations at smaller lattice spacings?",conceptual
2769128,Low-Energy Theorems for Neutron–Proton Scattering in $\chi $EFT Using a Perturbative Power Counting,2024-03-15,What is the role of pion mass splitting in the one-pion exchange potential for the $^1S_0$ and $^3S_1$ partial waves in neutron-proton scattering according to the modified chiral effective field theory approach?,factual
2860862,The gluino condensate of large-$N$ SUSY Yang–Mills,2024-12-18,"What two methods were used to determine the gluino condensate in the large-$N$ SUSY Yang–Mills theory, and how did their results compare?",factual
2855922,Impact of nuclear masses on r-process nucleosynthesis: bulk properties versus shell effects,2024-12-04,"According to the abstract, what aspect of nuclear mass predictions should studies focus on for r-process applications, given that bulk properties have minimal impact?",factual
2088205,"Quantum design in study of pycnonuclear reactions in compact stars: Nuclear fusion, new quasibound states and spectroscopy",2022-05-27,"What is the effect of considering quasibound states on the rate and number of pycnonuclear reactions, such as the ${}^{12}\hbox {C} + {}^{12}\hbox {C} = {}^{24}\hbox {Mg}$ reaction, compared to states of zero-point vibrations?",factual
2762067,Quantum error thresholds for gauge-redundant digitizations of lattice field theories,2024-02-26,"What is the primary advantage of keeping gauge redundancy in quantum simulations of lattice gauge theories, as opposed to gauge-fixing?",conceptual
1831360,Distribution Amplitudes of K* and ϕ at the Physical Pion Mass from Lattice QCD,2020-11-19,What specific types of distribution amplitudes for the K* and \(\) \phi mesons were calculated in this lattice QCD study?,factual
1984790,Coupling Yang--Mills with Causal Dynamical Triangulations,2021-12-06,"What specific gauge groups, U(1) and SU(2), were simulated in the context of 2d CDT coupled to gauge fields, and what types of observables were studied?",factual
2740323,Tensor Renormalization Group Methods for Real-Time Evolution,2023-12-22,What specific model is numerically applied to demonstrate the application of tensor renormalization group methods for real-time evolution?,factual
1792138,Computing Nucleon Electric Dipole Moment from lattice QCD,2020-04-22,What is the primary significance of nucleon and nuclear electric dipole moments (EDMs) in the context of CP violation?,factual
2750409,Determination of the gradient flow scale $t_0$ from a Mixed Action with Wilson Twisted Mass Valence Quarks.,2024-01-21,What external physical inputs are used to determine the gradient flow scale $t_0$ in this mixed action setup?,factual
2605152,Directed flow in a baryonic fireball,2022-11-28,What physics aspects are expected to be probed by directed flow of identified hadrons in a baryon rich fireball?,factual
2828762,Fuzzy logic for reconstructing arbitrary moments of multiplicity distributions,2024-09-15,"What statistical technique, utilizing fuzzy logic principles, is employed to reconstruct moments of multiplicity distributions in high-energy nuclear collisions, and what is the newly developed framework that enhances its robustness and allows for higher-order moment derivation?",summary
2624634,Casimir effect for fermions on the lattice,2023-01-19,How does the Casimir effect for Wilson fermions on a lattice compare to that of continuous Dirac fermions?,factual
2787848,Proto-neutron stars with quark cores,2024-05-16,"At what stage of proto-neutron star evolution does the phase transition from hadronic matter to quark matter (QM) occur, according to the study?",factual
2954418,Classification of flavor dependence of Chiral Magnetic Effect with Deep Neural Network using multiple correlators,2025-07-25,How does the discriminative power of the $Δγ$ and $R_{ψ_2}$ correlators for disentangling flavor-dependent Chiral Magnetic Effect scenarios vary with centrality and transverse momentum ($p_T$)?,factual
2862245,Form factors for semi-leptonic $B_{(s)} \to D_{(s)}^∗\ell \nu_\ell$ decays,2024-12-23,"What lattice actions are used for the light, strange, charm, and bottom quarks in the study of semileptonic $B_{(s)}$ decays?",factual
1972961,Anomalous plasma: chiral magnetic effect and all that,2021-11-22,What is the chiral magnetic wave and how does it relate to the chiral separation and chiral magnetic effects in relativistic plasmas?,conceptual
2033358,Magnetic field induced hair structure in the charmonium gluon dissociation,2022-02-16,"How does a magnetic field affect the gluon dissociation cross section of charmonium, particularly for P-wave states like $\chi_{c0}$ and $\chi_{c\pm}$?",factual
2638594,Vanishing of the Anomaly in Lattice Chiral Gauge Theory,2023-03-05,"What conditions are required for the anomaly to vanish in the lattice chiral gauge theory described in the abstract, and what techniques are used to prove this vanishing?",conceptual
2095401,Event-shaped-dependent cumulants in p-Pb collisions at 5.02 TeV,2020-10-03,How does the Pearson coefficient between the subset cumulants of final harmonics $v_2^{2k}$ and initial eccentricity $\epsilon_2^{2k}$ in the ESC basis depend on charged multiplicity and the order of multi-particle cumulants?,factual
1830702,Plasma Shielding Effects on Nuclear Spectra: $^{18}$Ne Application,2020-11-17,"What type of plasma environments are considered in the study of atomic nuclei, and what potential is used to describe the interactions within these environments?",factual
3064735,Excitation energy of fission fragments within nuclear time-dependent density functional theory,2025-10-08,"What is the primary limitation of experimental observation regarding the excitation energy of fission fragments, and how does time-dependent density functional theory (TDDFT) address this?",conceptual
2928633,"Kaon gluon parton distribution and momentum fraction from <math display=""inline""><mrow><mn>2</mn><mo>+</mo><mn>1</mn><mo>+</mo><mn>1</mn></mrow></math> lattice QCD with high statistics",2025-06-03,"What is the nonperturbatively renormalized kaon gluon momentum fraction, $\langle x \rangle_g^{\overline{MS},K}$, at $\mu=2 \text{ GeV}$ obtained in the abstract?",factual
1833592,Triaxial rigidity of $^{166}$Er and its Bohr-model realization,2020-11-27,What are the primary methods used in the abstract to analyze the triaxial nature of low-lying rotational bands in $^{166}$Er?,factual
2658122,Decay of superheavy nuclei based on the random forest algorithm,2023-05-09,"What is the predicted dominant decay mode for isotopes in the new elements Z = 119 - 122, and what is the exception?",factual
1829253,Calculation of the $^{12}$C+$^{12}$C sub-barrier fusion cross section in an imaginary-time-dependent mean field theory,2020-11-09,"How does the time-dependent Hartree-Fock-based classical model using the Feynman path-integral method compare to experimental results for the $^{12}$C+$^{12}$C sub-barrier fusion cross section, particularly in the lower-energy region with contrasting Trojan Horse Method data?",factual
1823725,Closed-form Brückner $G$-matrix and nuclear matter in EFT($\not\!\pi$),2020-10-16,"What is the role of the nuclear medium environment in the context of EFT($
ot 0	ext{	extpi}$), particularly concerning the off-shell T matrix renormalization and the power counting?",conceptual
3073719,Pairing gap as a new observable for critical points in the region of A=100,2025-10-25,"How does the pairing gap serve as an observable to identify candidate nuclei for critical point symmetry in the region of A=100, specifically around Z=40?",factual
2851644,Finite-volume quantization condition from the N/D representation,2024-11-24,"What is the key advantage of the proposed new formalism for determining hadronic resonances compared to the original Lüscher condition, especially regarding energy ranges and exchanges?",factual
2876631,Error Scaling of Sea Quark Isospin-Breaking Effects,2025-02-05,What are the lattice spacings and volumes used in the study of sea-quark isospin-breaking effects?,factual
2915881,"Investigation of an octupole breathing mode of <math><mmultiscripts><mi mathvariant=""normal"">Pb</mi><mprescripts/><none/><mrow><mn>208</mn></mrow></mmultiscripts></math> as a resolution to the elliptical-to-triangular azimuthal anisotropy puzzle in ultracentral relativistic heavy ion collisions",2025-04-28,What theoretical explanation is proposed in the abstract to resolve the discrepancy between theoretical predictions and experimental measurements of the ratio of elliptical-to-triangular anisotropies (<math><msub><mi>v</mi><mn>2</mn></msub></math>-to-<math><msub><mi>v</mi><mn>3</mn></msub></math>) in ultracentral <math><mrow><mmultiscripts><mi>Pb</mi><mprescripts/><none/><mn>208</mn></mmultiscripts><mo>+</mo><mmultiscripts><mi>Pb</mi><mprescripts/><none/><mn>208</mn></mmultiscripts></mrow></math> collisions at the LHC?,factual
1978760,Probing nuclear structure with mean transverse momentum in relativistic isobar collisions,2021-11-29,"How does the mean transverse momentum ratio, $R_{\langle p_\perp \rangle}$, between $\text{Ru}+\text{Ru}$ and $\text{Zr}+\text{Zr}$ collisions act as a probe for nuclear structure, and what specific properties can it constrain?",conceptual
1828961,Beyond the wake: non-hydrodynamic response of an expanding Quark-gluon plasma,2020-11-09,"What is the significance of the non-hydrodynamic response in a quark-gluon plasma at intermediate times, and how does it relate to the relaxation time $\tau_R$?",conceptual
2879652,Low-energy spectra of nobelium isotopes: Skyrme random-phase-approximation analysis,2025-02-13,"Which Skyrme forces, SLy4 and SLy6, provided a reasonable description of the $K^{\pi}=8^{-}, 2^{-}$, and $3^{+}$ isomers in the nobelium isotopes $^{252}$No and $^{254}$No?",factual
1846773,Thermal evolution of relativistic hyperonic compact stars with calibrated equations of state,2021-02-15,"How does the presence of hyperons affect the cooling/heating curves of compact stars, and what is the significance of the Σ-hyperon potential for explaining the low luminosity of SAX J1808?",conceptual
2023408,Transport of hard probes through glasma,2022-02-01,What are the approximate maximum values for the transverse momentum broadening $\hat{q}$ and collisional energy loss $dE/dx$ acquired by hard probes traversing the glasma phase before the proper time expansion breaks down?,factual
1838609,Radial profile of bottom quarks in jets in high-energy nuclear collisions,2020-12-27,"In the context of Pb+Pb collisions at the LHC, how do the radial profiles of B mesons in jets at \(p_T\) \(>\) 10 GeV compare to those of D mesons, and what is the observed effect on their respective radial profiles?",factual
3088022,Triplet pairing in neutron matter in a comprehensive diagrammatic approach,2025-11-27,"Within the context of P-wave pairing in neutron matter, what is the effect of many-body correlations on the $^3P_2-^3F_2$ gap and the $^3P_0$ gap when using realistic nucleon-nucleon interactions up to a Fermi momentum of 1.8 fm$^{-1}$?",factual
1838188,On-shell representations of two-body transition amplitudes: Single external current,2020-12-24,What structural information about the excited QCD spectrum can be obtained from scattering amplitudes that couple two-particle systems via a single external current insertion?,conceptual
2140108,Hadro-chemistry effects on leptons from charm-hadron decays in heavy-ion collisions,2022-08-20,How does the consideration of charm hadro-chemistry affect the charm-leptons' suppression factor and elliptic flow in heavy-ion collisions compared to calculations that only consider $D$ mesons?,factual
2764850,The utilization of magneto-hydrodynamics framework in expansion of magnetized viscous conformal flow,2024-03-04,"What are the key physical quantities that are elucidated by solving the coupled Maxwell's equations and conservation equations of relativistic hydrodynamics in the described magneto-hydrodynamics framework, and along which directions are the QGP expansion and magnetic field oriented?",factual
1892241,Nuclear Effective Field Theories: Reverberations of the Early Days,2021-07-24,What is the primary framework currently used to describe low-energy nuclear structure and reactions consistently with QCD?,factual
2966896,Nonlocal nucleon-nucleus optical potentials from chiral effective field theory,2025-09-04,"According to the abstract, what is the Perey-Buck ansatz used to connect, and what are the dominant sources of energy dependence for the real and imaginary parts of the microscopic optical potential?",factual
2161081,"Relativistic mean field model parametrizations in the light of GW170817, GW190814, and PSR $J0740 + 6620$",2023-06-08,"What is the maximum mass of a nonrotating neutron star composed of pure nucleonic matter according to the DOPS1 parametrization, and how does this compare to the constraints from GW190814?",factual
3064723,Bounds on the equation of state of cold nuclear matter from imaginary chemical potentials,2025-10-08,How do Lorentz boosts allow for the determination of upper and lower bounds on the equation of state (EOS) of cold nuclear matter at zero temperature?,conceptual
3087422,Symmetry energy in dilute matter and the neutron skin,2025-11-27,How can extended energy density functional (EDF) models address the discrepancy between the neutron skin thicknesses observed in 48Ca (CREX) and 208Pb (PREX-II) experiments within a non-relativistic framework?,conceptual
1817023,Limiting masses and radii of neutron stars and their implications,2020-09-14,"What are the implications of observations indicating $R_{1.4} < 11.2$ km based on the study's model, which combines chiral effective field theory (χEFT) with neutron star observations up to twice nuclear saturation density?",conceptual
1847996,$\alpha$ clustering and neutron-skin thickness of carbon isotopes,2021-02-23,"According to the abstract, what experimental confirmation was recently made regarding the suppression of $\alpha $ clustering by neutron-skin formation in Sn isotopes?",factual
2783973,Baryonic screening masses in QCD at high temperature,2024-05-07,What is the deviation of baryonic screening masses from the free theory result (3\pi T) in thermal QCD with N_f=3 massless quarks for temperatures ranging from \sim 1 GeV to \sim 160 GeV?,factual
3072527,Nuclear Fragmentation at the Future Electron-Ion Collider,2025-10-22,How do the estimated fragmentation cross sections at the EIC compare in magnitude to those observed at the LHC?,factual
2964283,Finite-volume analysis and universal scaling signatures near the chiral phase transition in (2+1)-flavor QCD,2025-08-26,"What order parameter is used to quantify chiral symmetry breaking in this study, and what properties does it possess?",factual
2906090,Guiding center hydrodynamics with spin,2025-03-29,"What simplification in guiding-center ideal hydrodynamics with spin arises from the restriction of motion perpendicular to the magnetic field, compared to traditional spin hydrodynamics?",conceptual
2661219,Nucleon isovector axial form factors,2023-05-18,"What are the final results for the axial charge ($g_A$), scalar charge ($g_S$), and tensor charge ($g_T$) obtained in the study, including their statistical and systematic uncertainties?",factual
2512811,"Role of neutron transfer in the reaction mechanism of 9Be+169Tm, 181Ta, 187Re and 197Au systems",2022-11-22,"What is the observed dominance of neutron transfer and non-capture breakup (NCBU) cross sections at below barrier energies, and the major contribution of complete fusion (CF) and incomplete fusion (ICF) processes at above barrier energies for the studied <sup loc=""post"">9</sup>Be + <sup loc=""post"">169</sup>Tm, <sup loc=""post"">181</sup>Ta, <sup loc=""post"">187</sup>Re and <sup loc=""post"">197</sup>Au systems?",summary
2065000,Emergent phenomena from centre vortices,2022-04-07,"What is the primary emergent property of quantum chromodynamics that is discussed in the abstract, and what role do center vortices play in this phenomenon within SU(3) lattice gauge theory?",summary
2658876,"Skyrme Crystals, Nuclear Matter and Compact Stars",2023-05-11,"What is the ground state configuration of the Skyrmemodel on the three torus for the relevant range of densities, and what occurs between these configurations?",conceptual
2147041,Forward light-by-light scattering and electromagnetic correction to hadronic vacuum polarization,2022-09-05,"How can the ultraviolet divergences and infrared effects associated with the massless photon in lattice QCD calculations of the hadronic vacuum polarization be managed, and what specific technique is proposed to address these challenges?",conceptual
2605162,Persistent homology as a probe for center vortices and deconfinement in SU(2) lattice gauge theory,2022-11-29,"How can persistent homology be used to quantitatively analyze the deconfinement transition in SU(2) lattice gauge theory, and what role do center vortices play in this analysis?",conceptual
2757002,Correlation between the shape coexistence and stability in Mo and Ru isotopes,2024-02-09,"According to the abstract, what theoretical frameworks were used to explore shape coexistence and its impact on decay modes and half-lives in Mo and Ru isotopes?",factual
1919870,The hadronic contribution to the running of the electromagnetic coupling and electroweak mixing angle,2021-09-09,What is the total relative uncertainty of the hadronic contribution to $\alpha(Q^2)$ and $\sin^2\theta_W(Q^2)$ in the space-like energy region for $Q^2 \ll 1~\text{GeV}^2$ and for $Q^2 > 1~\text{GeV}^2$?,factual
2644166,Pair production as a probe for the dynamics of nuclear fission and <math><mi>α</mi></math> decay,2023-03-18,How can the energy distribution of electron-positron pairs produced via the Schwinger mechanism provide insights into the dynamics of nuclear fission and alpha decay?,conceptual
2833035,"Constraints on the equation of state of nuclear matter from systematically comparing <math><mi mathvariant=""normal"" mathsize=""small"">SMASH</mi></math> calculations to HADES data",2024-09-25,"What method was used to perform a Bayesian analysis and obtain constraints on the equation of state of nuclear matter and symmetry potential, while also providing uncertainties for the estimated parameters?",factual
2660839,Thermal photon production in Gubser inviscid relativistic fluid dynamics,2023-05-17,What is the derived formula relating the effective temperature $T_{\text{eff}}$ of the photon spectrum at energy $E$ to the maximum plasma temperature $T_0$?,factual
1841035,Properties of the quark-gluon plasma created in heavy-ion collisions,2021-01-14,"What model is used to describe the strongly interacting quark-gluon plasma (QGP) at finite temperature and baryon chemical potential, and how is this model matched to lattice QCD data?",factual
1797216,Pion magnetic polarisability using the background field method,2020-05-20,What methods were employed in this lattice QCD calculation to determine the pion magnetic polarisability in the presence of background magnetic fields?,factual
2834667,Generalized HMC using Nambu mechanics for lattice QCD,2024-09-27,"What is the key advantage of using Nambu generalized Hamiltonian dynamics within the HMC algorithm for lattice QCD simulations, as described in the abstract?",factual
2961695,Nonlocality parameters of microscopic optical potentials from Skyrme-based nuclear structure models at low energies,2025-08-18,"What is the range of the non-locality parameter $ β$ for incident energies below 30 MeV for the studied nuclei ($ ^{16}	extrm{O} $, $ ^{40}	extrm{Ca} $, $ ^{48}	extrm{Ca} $, and $ ^{208}	extrm{Pb} $)?",factual
1862316,Nuclear matrix elements of neutrinoless double-β decay in the triaxial projected shell model,2021-05-06,"How do the nuclear matrix elements for neutrinoless double-$\beta$ decay in \(^76\)Ge, \(^82\)Se, \(^100\)Mo, \(^130\)Te, and \(^150\)Nd change when the triaxial deformation parameter $\gamma$ varies from $0^{\circ}$ to $60^{\circ}$?",factual
1841419,Production of super-heavy nuclei in cold fusion reactions,2021-01-15,"In cold fusion reactions involving super-heavy nuclei synthesis with a 208Pb target, does the model primarily attribute the formation of the compound nucleus to the di-nuclear system path or the fusion path?",factual
2921960,Probing the refined performance of the categorical-boosting algorithm to the Hartree-Fock-Bogoliubov mass model with several Skyrme forces,2025-05-15,What is the range of root-mean-square deviations between bare Hartree-Fock-Bogoliubov calculations using different Skyrme forces and experimental data for nuclear masses?,factual
2087568,Lattice scalar field theory at complex coupling,2022-05-24,What methods are demonstrated in the paper to bypass sign problems in lattice scalar field theories in 0+1 and 1+1 dimensions?,factual
2878286,Qubit Regularization of Quantum Field Theories,2025-02-08,"What is the novel renormalization group (RG) flow that allows for the emergence of asymptotic freedom within a strictly finite-dimensional local Hilbert space in (1+1) dimensions, as discussed in the abstract?",conceptual
1923590,Quantum fluctuations of baryon number density,2021-09-16,What specific characteristic of the quantum fluctuation expression of the baryon number for a subsystem of hot relativistic spin− particles appears to diverge?,factual
2703011,Comparison of N̄N optical models,2023-09-26,What specific partial waves ($^{31}S_0$ and $^{33}P_0$) exhibit a resonant-like structure above $p_{Lab}$ = 400 MeV/c according to the study?,factual
1838643,On the three-particle analog of the Lellouch-Lüscher formula,2020-12-27,What is the main purpose of the derived three-particle analog of the Lellouch-Lüscher formula in the context of lattice studies?,factual
2157887,Determination of $\alpha _s(m_Z)$ by the non-perturbative decoupling method,2022-09-28,What is the value of $\Lambda^{(3)}_{\overline{\textrm{MS}}}$ obtained by the ALPHA Collaboration using the non-perturbative decoupling method?,factual
2729306,Theoretical Developments in Lattice Gauge Theory for Applications in Double-beta Decay Processes and Quantum Simulation,2023-11-29,What are the two distinct modes of double beta decay mentioned in the abstract?,factual
2624619,Update on flavor diagonal nucleon charges,2023-01-19,What type of fermions and quark ensembles are used in the calculation of flavor diagonal nucleon charges mentioned in the abstract?,factual
1978808,ππ scattering in partially-quenched twisted-mass chiral perturbation theory,2021-11-27,"What is the estimated error from the violation of unitarity in the study of pion-pion scattering using partially-quenched twisted-mass chiral perturbation theory, and what is the outlook for reducing this error?",factual
2807258,Phase diagram of the Schwinger model by adiabatic preparation of states on a quantum simulator,2024-07-12,What physical system's phase structure is studied on quantum devices using adiabatic preparation of states in the provided abstract?,factual
2931432,Bayesian Inference of the Landau Parameter $G'_0$ from Joint Gamow-Teller Measurements,2025-06-05,"What is the Bayesian inferred value of the Landau parameter $G'_0$ using joint Gamow-Teller measurements from $^{208}	extrm{Pb}$, $^{132}	extrm{Sn}$, and $^{90}	extrm{Zr}$ within a self-consistent Skyrme Quasiparticle Random Phase Approximation (QRPA) model?",factual
2647130,"Event-by-event antideuteron multiplicity fluctuation in Pb+Pb collisions at <math altimg=""si1.svg""><msqrt><mrow><msub><mrow><mi>s</mi></mrow><mrow><mi>N</mi><mi>N</mi></mrow></msub></mrow></msqrt><mo linebreak=""goodbreak"" linebreakstyle=""after"">=</mo><mn>5.02</mn></math> TeV",2022-04-22,"What is the observed trend of the antideuteron to antiproton yield ratio in peripheral Pb+Pb collisions at $\sqrt{s_{NN}}} = 5.02$ TeV, and how does it compare to the predictions of the nucleon coalescence model based on MUSIC hydrodynamics and UrQMD transport?",factual
2913772,The Unitarity-Limit Expansion for Two Nucleons with Perturbative Pions: Digest and Ideas,2025-04-17,"In the context of the Unitarity Limit for two nucleons with perturbative pions, at what order in $\chi$EFT are scale invariance and Wigner-SU(4) symmetry expected to persist, and what is the role of the tensor/Wigner-SU(4) symmetry-breaking part of OPE?",conceptual
1796351,Topology and axions in QCD,2020-05-13,"What are the observable effects of topology on the QCD spectrum and its interrelation with chiral and axial symmetries, as discussed in the context of lattice QCD topology studies?",factual
2952937,"<math display=""inline""><mrow><mi mathvariant=""script"">N</mi><mo>=</mo><mn>1</mn></mrow></math> supersymmetric QCD on the lattice using overlap fermions",2025-07-22,"What is the main challenge addressed in this work concerning the lattice formulation of <math display=""inline""><mi mathvariant=""mathcal"">N</mi><mo>=</mo><mn>1</mn></math> supersymmetric QCD (SQCD)?",factual
2643015,Classification of pairing phase transition in the hot nucleus,2023-03-15,"According to the abstract, how is the pairing phase transition classified in the hot nucleus 162Dy using covariant density functional theory?",factual
1864366,Planar Thirring Model in the U(2$N$)-symmetric limit,2021-05-20,"What type of fixed points does the Thirring model in 2+1$d$ dimensions exhibit, and what symmetry breaking is associated with them?",factual
1927678,Exploring the Σ+p interaction by measurements of the correlation function,2021-09-24,How can the singlet and triplet S-wave contributions of the $\Sigma^{+}p$ interaction be separated using correlation function measurements and cross section data?,factual
1879430,Parton evolution time-dependent transverse shape asymmetry in peripheral Pb–Pb and p–Pb collisions at 5.02TeV,2021-07-07,"What is the relationship between initial momentum asymmetry, final momentum asymmetry, and initial spatial asymmetry in peripheral Pb–Pb and p–Pb collisions at 5.02 TeV according to the multi-phase transport model simulation?",factual
1866345,"Comment on ""Sequential Single-Pion Production Explaining the Dibaryon ""$d^*(2380)$"" Peak""",2021-06-01,What is the physical process calculated in arxiv: 2102.05575 that the authors claim explains the $d^*(2380)$ peak?,factual
1974023,Topology of the $O(3)$ non-linear sigma model under the gradient flow,2021-11-23,"How does the topological susceptibility of the $O(3)$ non-linear sigma model behave in the continuum limit, even with the presence of gradient flow and a $\theta$-term?",factual
2615396,Learning trivializing gradient flows for lattice gauge theories,2022-12-16,What is the approximate number of parameters required by the proposed continuous normalizing flow model compared to existing deep-learning models for SU(3) Yang-Mills theory on a 16^2 lattice?,factual
2621464,Multi-point Padè for the study of phase transitions: from the Ising model to lattice QCD,2023-01-09,What is the name of the collaboration that developed the method for investigating the QCD phase diagram using multi-point Padé approximants?,factual
3096005,"Bound states of <math><mi mathvariant=""normal"">Ω</mi></math> baryons in light nuclei",2025-12-27,What is the range of the radial distance from which the deep attractive core of the $\Omega_{3s}N$ potential is removed for regularization?,factual
2082449,Phase transition in the three-dimensional $O(N)\otimes O(M)$ model: a Monte Carlo study,2022-05-15,What range of $N$ and $M$ values are considered in the Monte Carlo study of the three-dimensional $O(N)\otimes O(M)$ sigma model?,factual
2693465,Evolution of Efimov states,2023-09-04,"How are Efimov states identified within the relativistic scattering theory framework, and what occurs to them as the interaction strength is modified?",conceptual
2063284,Pseudogauges and relativistic spin hydrodynamics for interacting Dirac and Proca fields,2022-04-04,What specific quantum kinetic theory approach is used to establish a connection between pseudogauges and relativistic spin hydrodynamics for massive spin-1/2 and spin-1 particles?,factual
2601248,Glueball spectroscopy in lattice QCD using gradient flow,2022-11-28,"What is the main advantage of using the spatial gradient flow compared to the original gradient flow method in glueball mass calculations, especially at large flow times?",conceptual
2878272,The isoscalar non-singlet axial form factor of the nucleon from lattice QCD,2025-02-10,What is the flavour structure of the axial form factor of the nucleon being computed in this lattice QCD study?,factual
2863721,QCD sum rule approach to Okamoto-Nolen-Schiffer anomaly,2024-12-25,What is the primary novel approach proposed in this paper to connect charge symmetry breaking (CSB) nuclear interaction with low-energy constants in quantum chromodynamics (QCD)?,factual
2166718,Towards the finite-volume spectrum of the Roper resonance,2022-10-17,What is the primary method used in the abstract to investigate the finite-volume energy levels of the Roper resonance at leading one-loop order within a two-flavor chiral effective Lagrangian?,factual
1824045,Total reaction cross section on a deuteron target and the eclipse effect of the constituent neutron and proton,2020-10-19,"According to the Glauber model as applied in the abstract, how can the total reaction cross sections on a deuteron target be expressed in terms of nuclear matter radius and neutron skin thickness?",factual
1854738,Investigation of multistep effects for proton inelastic scattering to the 21+ state in He6,2021-03-31,How does the continuum-discretized coupled-channels (CDCC) method treat resonant states in the context of multistep effects for proton inelastic scattering in \(^6\text{He}\)?,conceptual
2617370,Towards Quantum Monte Carlo Simulations at non-zero Baryon and Isospin Density in the Strong Coupling Regime,2022-12-21,"In the strong coupling limit of Lattice QCD with staggered fermions, what condition allows for Quantum Monte Carlo simulations at non-zero baryon density?",factual
1819830,Impact-Parameter Description of High-Energy Deuteron-Nucleus Collisions,2020-09-26,"What types of collision outcomes are analyzed in the high-energy diffraction approximation for deuteron-nucleus collisions, and how is the cross section for processes involving nucleon absorption derived?",summary
1793005,Ab initio multishell valence-space Hamiltonians and the island of inversion,2020-04-27,What is the primary goal of extending ab initio valence-space in-medium similarity renormalization group (IM-SRG) to connect multiple major-oscillator shells in the context of neutron-rich nuclei?,conceptual
2683166,Ridges in rotating neutron-star properties due to first order phase transitions,2023-07-28,"What specific features in the observables of rotating neutron stars can indicate the presence of first-order phase transitions in their matter, according to the Hartle-Thorne theory?",factual
1919854,Exploring the halo character and dipole response in the dripline nucleus F31,2021-09-10,"What is the calculated increase in the matter radius of $^{31}$F with respect to its core radius, and what are the integrated B(E1) strengths that support its two-neutron halo character?",factual
2513643,A peculiarity of nuclear flow in the stellar CNO cycle with energetic particles,2022-11-22,What peculiar phenomenon in the stellar CNO cycle is caused by MeV $\alpha$-particles and protons generated in exoergic nuclear processes?,factual
1982281,Correlated Dirac Eigenvalues and Axial Anomaly in Chiral Symmetric QCD,2021-12-01,What is the relationship proposed between the derivatives of the Dirac eigenvalue spectrum with respect to quark mass and the correlations among eigenvalues of the massless Dirac operator?,conceptual
2810673,Pauli nonlocality and the nucleon effective mass,2024-07-24,"What is the relationship between the neutron-proton effective mass splitting ($\msubsup><mi>m</mi><mrow><mi>n</mi><mo>−</mo><mi>p</mi></mrow><mo>*</mo></msubsup$) and the neutron-proton asymmetry parameter ($\delta$) for neutron-rich nuclear matter at saturation density, as determined from the central strength of the real folded nucleon optical potential?",factual
2944071,Ferromagnetic instabilities in quarkyonic matter,2025-07-09,What mechanism leads to ferromagnetic instabilities in quarkyonic matter at low densities according to the abstract?,conceptual
2794790,Effects of pairing strength on the nuclear structure and double-<math><mi>β</mi></math> decay predictions within the mapped interacting boson model,2024-06-05,"How does an increase in pairing strength affect the energy levels of excited \(\text{0}^+\) states and the magnitude of predicted \((2\nu\beta\beta)\)-decay nuclear matrix elements (NMEs) within the mapped interacting boson model, and how do these changes compare to calculations with standard pairing strength for specific decays like \(\text{Ge}\to\text{Se}\), \(\text{Se}\to\text{Kr}\), and \(\text{Mo}\to\text{Ru}\)?",factual
2958989,Thermo-coalescence model for light nuclei production in relativistic heavy-ion collisions,2025-08-11,What two components form the basis of the thermo-coalescence model for light nuclei production?,conceptual
1797238,Anomalous Internal Pair Creation,2020-04-23,"What specific observation in electron-positron angular correlation measurements led to the interpretation of the creation of a $J^{\pi }=1^{+}$ boson, the X17 particle?",factual
1842811,Forward coherent $\omega$ and $\phi$ mesons production in the photonuclear reaction on nuclei,2021-11-01,What model is used to calculate the differential cross sections of forward coherent $\omega$ and $\phi$ mesons photoproduction from nuclei in the described research?,factual
1962993,"<math display=""inline""><mrow><mi>π</mi><mo>-</mo><mi>π</mi></mrow></math> scattering, QED, and finite-volume quantization",2021-11-08,"What lattice QCD procedure is used to calculate the $\pi^+ \pi^+$ scattering phase shift, including Coulomb potential effects and avoiding finite-volume corrections?",factual
2935559,Particle Spectra in the Integrated HydroKinetic Model at RHIC BES Energies,2025-06-16,"What is the approximate duration of thermalization in the Integrated HydroKinetic Model (iHKMe) for Au+Au collisions at RHIC BES energies ($\sqrt{s_{NN}} = 7.7-39$ GeV), and when does it begin relative to nuclear overlap?",factual
1814182,Perturbative chiral nucleon–nucleon potential for the $^3P_0$ partial wave,2020-11-26,"What is the maximum center-of-mass momentum (k) up to which the combined $^3P_0$ chiral force is shown to be perturbative, as discussed in the abstract?",factual
2729110,Accuracy of the mean-field theory in describing ground-state properties of light nuclei,2023-10-13,"What is the role of exchange terms in the center-of-mass correction for describing the radii of light nuclei, according to the relativistic mean-field model?",factual
3071111,Born series for s-wave scattering length and some exact results,2025-10-17,For what class of central potentials $V(r)$ is the Born series for the $s$-wave scattering length $a_0$ calculated up to sixth order in the dimensionless coupling strength $g$?,factual
2945878,Proton radioactivity in deformed nuclei with microscopic optical potential: a novel angular-dependent emission mechanism in the nanosecond-emitter $^{149}$Lu,2025-07-13,What is the predicted half-life of $^{149}$Lu according to the microscopic description using a deformed microscopic optical potential and a new harmonic-oscillator-inspired scheme for assault frequency?,factual
1960263,Higher partial wave contamination in finite-volume formulae for 1-to-2 transitions,2021-11-04,What is the primary motivation for assessing the systematic uncertainty of truncating finite-volume formulae for $K\to\pi\pi$ transitions to only include the lowest partial wave?,factual
2797353,"Numerical fractional instantons in SU(2): center vortices, monopoles, and a sharp transition between them",2024-06-11,"What type of topological objects do fractional instantons represent on $\mathbb{R}^2\times\mathbb{T}^2_*$ and $\mathbb{R}^3\times S^1$ respectively, according to the numerical study?",factual
1913356,Hyperon dynamics and production of multi-strangeness hypernuclei in heavy-ion collisions at 3A GeV,2021-08-30,"What is the estimated production cross-section for light double $\Lambda$ hypernuclei, such as $\msubsup<0xE2><0x82><0xBE><0xE2><0x82><0xBE><mn>4</mn><mo>,</mo><mn>5</mn><mo>></msubsup{\rm H}$ and $\msubsup<0xE2><0x82><0xBE><0xE2><0x82><0xBE><mn>4</mn><mo linebreak=",factual
1818311,Modeling of Nuclear Reactions with Langevin Calculations,2023-10-03,What is the role of the model parameters ${{f}_{{{	ext{ina}}}}}$ and $\gamma _{t}^{0}$ in reproducing the diagonal correlation observed in the mass angle distribution for the $^{48}$Ti + $^{186}$W reaction system?,factual
2651764,Tabulated equations of state from models informed by chiral effective field theory,2023-04-16,"What astrophysical applications are the tabulated equations of state relevant for, according to the abstract?",factual
2724197,Chemical potential dependence of the endpoint of first-order phase transition in heavy-quark region of finite-temperature lattice QCD,2023-11-19,What is the relationship between the higher order terms of the hopping parameter expansion and the Polyakov loop in finite-temperature and density lattice QCD with 2+1 flavors of Wilson quarks?,factual
1817030,Relativistic hydrodynamics with momentum dependent relaxation time,2020-09-14,What is the key finding regarding the momentum dependence of the relaxation time in the collision term on the Landau matching condition?,factual
2715651,Electromagnetic Current Operators for Phenomenological Relativistic Models,2023-10-29,How are electromagnetic current operators constructed in phenomenological Poincaré invariant quantum mechanical models using local gauge invariance?,conceptual
2079966,Bulk pressure in fluid-dynamical simulations of Pb-Pb and p-Pb collisions at the LHC energies,2022-05-11,"According to the abstract, in relativistic heavy-ion collisions simulated by fluid dynamics, what is the relative magnitude of bulk viscosity compared to shear viscosity, and what is the implication of bulk pressure counteracting equilibrium pressure?",conceptual
2165144,Lattice QCD at Finite Temperature: Some Aspects Related to Chiral Symmetry,2022-10-13,What are the specific aspects related to chiral symmetry discussed in the abstract concerning lattice QCD at finite temperature?,summary
1863529,Nuclear energy density functionals from machine learning,2021-05-17,What is the primary innovation presented in this paper regarding nuclear energy density functionals?,summary
2709126,Impact of nonzero strangeness and momentum anisotropy on thermodynamics of finite volume quark matter,2023-10-06,"How does the chiral critical point in the QCD phase diagram shift with decreasing system size and decreasing strangeness chemical potential, according to the three-flavored Polyakov quark meson model?",factual
2958232,Acausality-driven instabilities in relativistic viscous hydrodynamics,2025-08-06,"In the context of relativistic viscous fluid dynamics, what are the conditions on the characteristic speed of information propagation, $w$, and the fluid velocity, $v$, that define acausal but stable regimes, unstable regimes, and covariantly ill-posed regimes?",factual
1972942,Excitation of pairing vibrations in superfluid nuclei$^{*}$,2021-11-21,"How do pairing correlations affect the spectroscopic factor for exciting monopole pairing vibrations in superfluid nuclei via a two-neutron transfer reaction, according to the kinetic model based on the semiclassical time-dependent Hartree-Fock-Bogolyubov theory?",factual
2142574,Dynamics of Hot QCD Matter -- Current Status and Developments,2022-08-29,What are the two primary experimental facilities mentioned in the abstract where heavy-ion collision data is collected for studying Quark Gluon Plasma?,factual
1982662,Tensor-network study of the 3d 𝑶(2) model at non-zero chemical potential and temperature,2021-12-02,What specific enhancements were made to the higher-order tensor-renormalization-group (HOTRG) method for simulating the 3D $O(2)$ model at non-zero chemical potential and temperature?,factual
2001773,The $\varLambda (1405)$ resonance as a genuine three-quark or molecular state,2022-01-05,"In the context of a chiral quark model, what is the determined mechanism for the formation of the $\varLambda (1405)$ resonance, and what role do three-quark bare states and contact interactions play in reproducing the scattering amplitudes?",conceptual
2776846,Evolution equation for the energy-momentum moments of the nonequilibrium density function and regularized relativistic third-order hydrodynamics,2024-04-11,"What is the specific method used to extend regularized hydrodynamics to the relativistic case in this paper, and what expansion techniques are judiciously mixed within this method?",factual
1807023,Effective Field Theory for Two-Body Systems with Shallow S-Wave Resonances,2020-07-14,"In the context of effective field theory for two-body scattering with a low-energy S-wave resonance, what is the characteristic property of the effective range at the leading order of the expansion?",factual
2006924,Steady asymptotic equilibria in conformal relativistic fluids,2021-12-28,"What is the decay rate to equilibrium for a conformal fluid in kinetic theory under the relaxation time approximation, and how does it compare to hydrodynamic schemes that account for second moments (Israel-Stewart) and second and third moments?",factual
2680326,Optimized nuclear energy density functionals including long-range pion contributions,2023-07-25,"What is the primary challenge in developing nuclear energy density functionals that are systematically improvable from first principles, and how does the GUDE family of functionals address this challenge by incorporating long-range pion contributions?",conceptual
2775419,Thermal Fluctuations of Matter Composition and Quark Nucleation in Compact Stars,2024-04-09,"How do thermal fluctuations in hadronic composition affect the nucleation of two-flavor quark matter in neutron stars, and at what temperatures does this effect become significant or limited by stellar pressure?",conceptual
2163228,"Cluster structures of the <math><msup><mn>0</mn><mo>+</mo></msup></math> states of <math><mmultiscripts><mi mathvariant=""normal"">C</mi><mprescripts/><mi mathvariant=""normal"">Λ</mi><mn>13</mn></mmultiscripts></math> with the <math><mrow><mn>3</mn><mi>α</mi><mo>+</mo><mi mathvariant=""normal"">Λ</mi></mrow></math> four-body orthogonality condition model",2022-10-10,How do the calculated $0^{+}$ states of $^{13}_	extrm{Λ}	extrm{C}$ using the $3	extrm{α}+	extrm{Λ}$ four-body orthogonality condition model compare to the low-lying $0^{+}$ states of $^{12}	extrm{C}$?,factual
1980652,Investigations of decuplet baryons from meson-baryon interactions in the HAL QCD method,2021-11-30,"In the HAL QCD method with $m_{\pi} \approx 410~\textrm{MeV}$, what are the interactions considered for the $\Delta$ and $\Omega$ baryons, and what is suggested to be the primary reason for the mass difference between them?",factual
1867266,"Surface properties for Ne, Na, Mg, Al, and Si isotopes in the coherent density fluctuation model using the relativistic mean-field densities",2021-06-06,What nuclear isotopes are considered to be within the island of inversion based on the symmetry energy calculations within the coherent density fluctuation model?,factual
2742781,Lattice Realization of the Axial U(1) Noninvertible Symmetry,2024-01-02,"How is the invariance of the symmetry operator under gauge transformations realized in the lattice formulation of chiral gauge theory with an anomalous matter content, as described in the abstract?",conceptual
1816029,Natural orbitals for many-body expansion methods,2020-09-10,"What specific computational basis has recently shown significant improvement in many-body applications for the nuclear many-body problem, leading to faster model-space convergence and lower sensitivity to basis set parameters in large-scale no-core shell model diagonalizations?",factual
2846631,Clusterization in nuclear states at the edge of stability,2024-11-07,What is the name of the mechanism where open quantum system eigenstates mimic the clustering properties of low-energy decay channels?,factual
2103896,Sub-barrier fusion hindrance and absence of neutron transfer channels,2022-06-30,How can the sub-barrier fusion hindrance observed at low energies be estimated using the provided formula?,factual
2058331,Extraction of $B_s\to D_s^{(*)}$ form factors from $N_f$=2 lattice QCD,2021-10-19,What are the zero-recoil values for the form factors $G_{B_s 	o D_s}$ and $h_{B_s 	o D_s^*}$ obtained in this two-flavor lattice QCD study?,factual
2836640,The Non-perturbative term of the Pseudovector Interaction in the Pion-Nucleon System and the Pion Form Factor,2024-10-02,What is calculated using the field theoretical method of the pion-nucleon system in the context of the non-perturbative term of the pseudovector interaction?,factual
2703271,Regime of applicability of Israel-Stewart hydrodynamics,2023-09-26,"According to the abstract, what is the ranking of microscopic derivations of Israel-Stewart hydrodynamics in decreasing order of accuracy, and how does the inverse Reynolds dominance (IReD) theory compare to Navier-Stokes in both asymptotic and transient regimes?",summary
2649579,Constraining beyond the standard model nucleon isovector charges,2023-04-06,"What are the final estimates for the nucleon isovector charges $g_T$, $g_A$, and $g_S$ with their statistical and systematic uncertainties, as calculated using lattice QCD methods by the QCDSF/UKQCD/CSSM Collaboration?",factual
2122290,Study of the Roberge-Weiss phase caused by external uniform classical electric field using lattice QCD approach,2022-07-24,"In the context of a uniform classical electric field studied via lattice QCD, how do the chiral condensation and the absolute value of the Polyakov loop behave at high temperatures?",factual
2103923,"Equation of state of neutron-rich matter in <math display=""inline"" id=""d1e1940"" altimg=""si1082.svg""><mi>d</mi></math>-dimensions",2022-06-30,What analytical expressions are derived for symmetric nucleonic matter (SNM) in general $d$ spatial dimensions according to the generalized Hugenholtz–Van Hove (HVH) theorem?,factual
1806671,The glueball spectrum of SU(3) gauge theory in 3 + 1 dimensions,2020-07-13,What is the energy scale used to extrapolate the glueball spectrum results to the continuum limit in the SU(3) gauge theory calculation?,factual
2043456,Analysis of the Peierls-Yoccoz rotational energy of nuclei with a semi-realistic interaction,2022-03-02,"How does the semi-realistic effective Hamiltonian M3Y-P6, when used with angular-momentum projection on axial Hartree-Fock solutions, allow for the analysis of the Peierls-Yoccoz rotational energy in nuclei, and what are the general trends observed regarding the contributions of different terms within this Hamiltonian to the total rotational energy across various nuclides and deformations?",summary
2759728,Correlation equalities and some upper bounds for the coupling constant implying area decay of Wilson loop for Z $_{3}$ lattice gauge theories,2024-02-19,What kind of variables decorate the plaquettes in the Z3 lattice gauge theory discussed in the abstract?,factual
2676260,Impact of the <math><mmultiscripts><mi>Li</mi><mprescripts/><none/><mn>6</mn></mmultiscripts></math> asymptotic normalization constant onto <math><mi>α</mi></math>-induced reactions of astrophysical interest,2023-07-11,How does a first-principle calculation of the <math><mmultiscripts><mi>Li</mi><mprescripts/><none/><mn>6</mn></mmultiscripts></math> asymptotic normalization constant affect the cross section of the <math><mrow><mmultiscripts><mi mathvariant=,factual
2618620,Equation of state and speed of sound of isospin-asymmetric QCD on the lattice,2022-12-28,What specific lattice quark masses and number of flavors were used in the simulations described in the abstract?,factual
1838981,Self-consistent conversion of a one-component bulk viscous fluid to particles,2020-12-31,What kinetic theory approach is used in this work to derive self-consistent bulk viscous corrections for a one-component system with isotropic $2	o 2$ interactions?,factual
2619223,Approaching the Continuum Limit of the Deconfinement Critical Point for $N_f=2$ Staggered Fermions,2022-12-29,"What numerical approach is used to determine the $Z(2)$-critical quark mass for $N_f=2$ staggered fermions on $N_\tau=8, 10$ lattices, and what quantity is fitted to obtain the results?",factual
2705142,Isoscalar giant monopole resonance in Mo-100: TDHF calculations and ground state deformation,2023-09-28,"What nuclear structure calculation method was used to reproduce the gross features of the isoscalar giant monopole resonance in Mo-100, and what type of ground state deformation was suggested by the results?",factual
2891195,Nuclear α-cluster structures from valence-space microscopic cluster model,2025-02-19,What is the valence-space microscopic cluster model (VS-MCM) and how does it address the challenges of studying alpha-cluster structures in heavy nuclei?,conceptual
2760746,Properties of H particle-admixed compact star,2024-02-22,"According to the abstract, what is the mass of the flavor-singlet H particle with $J^P=0^+$ as computed using the Chromomagnetic Interaction framework, and how does it compare to the $d^*(2380)$?",factual
2679272,Stability of multicomponent Israel-Stewart-Maxwell theory for charge diffusion,2023-07-21,"What thermodynamic equilibria does the stability analysis for multicomponent Israel-Stewart hydrodynamics cover, according to the abstract?",factual
1808987,Speed of sound constraints from tidal deformability of neutron stars,2020-07-27,How does the work suggest relating the measured tidal deformability of binary neutron stars to the maximum neutron star mass and the upper bound on the speed of sound?,factual
1879410,Memory efficient finite volume schemes with twisted boundary conditions,2021-07-08,What is the value of $\Lambda_{\overline{\mathrm{MS}}}\sqrt{8 t_0}$ obtained for the SU(3) pure gauge theory using the proposed finite volume renormalization scheme?,factual
2512926,Localisation of Dirac eigenmodes and confinement in gauge theories: the Roberge-Weiss transition,2022-11-21,What is the observed behavior of low-lying Dirac eigenmodes relative to the deconfinement transition in QCD at imaginary chemical potential $\mu_I/T = \pi$ and temperatures above the Roberge-Weiss transition temperature?,factual
2006874,Microscopic Theory of Nuclear Fission,2022-01-07,"According to the abstract, what makes nuclear fission a definitive test for microscopic theories of nuclear structure and reactions?",factual
3068433,Cluster and Halo Structures of Light Nuclei within the NUCLEI-PACK Framework,2025-10-12,What is the observed correlation between the fitted geometric offset parameter $Δ$ and the nucleon separation energy for halo systems in the NUCLEI-PACK framework?,factual
2605160,Performance Optimization of Baryon-block Construction in the Stochastic LapH Method,2022-11-29,"What specific kernel in the stochastic LapH method is computationally expensive and has undergone optimization, resulting in a 7.2x speedup on Intel® Xeon® Platinum 8358 processors?",factual
1815620,The Origin of the Giant Dipole Resonance,2020-09-07,"According to the abstract, what is the harmonic oscillator energy \(\h\omega\) for heavy nuclei and what is a better fit covering the entire mass range?",factual
1867459,Bayesian-Wilson coefficients in lattice QCD computations of valence PDFs and GPDs,2021-06-07,What is the first step in the proposed analysis method for lattice QCD determinations of valence parton distribution functions (PDFs) using the operator product expansion?,factual
3089269,Thermodynamic and Transport properties of hot asymmetric nuclear matter within a chiral SU(3) model,2025-12-04,"How do the shear viscosity ($\eta$) and thermal conductivity ($\kappa$) of hot nuclear matter, as calculated by the chiral SU(3) model, compare to those of a free nucleon gas?",factual
2803191,QCD with background electromagnetic fields on the lattice: A review,2024-06-28,What fundamental aspects of magnetized quark matter have been investigated using lattice QCD simulations according to the review?,summary
2697653,Shell-model study for allowed and forbidden <math><msup><mi>β</mi><mo>−</mo></msup></math> decay properties in the mass region “south” of <math><mmultiscripts><mi>Pb</mi><mprescripts/><none/><mn>208</mn></mmultiscripts></math>,2023-09-14,"What $\beta$-decay properties, such as $\log ft$, average shape factor values, half-lives, and partial decay rates, were calculated for neutron-rich nuclei in the south region of $^{208}$Pb using recent effective interaction for this region?",factual
2658133,Feynman-Hellmann approach to transition matrix elements and quasidegenerate energy states,2023-05-09,How does the Feynman-Hellmann approach use the transition matrix and Dyson expansion formalism to compute matrix elements in lattice QCD?,conceptual
2804783,Probing the equilibration of the QCD matter created in heavy-ion collisions with dileptons,2024-07-04,"What specific heavy-ion collision system and energy were studied in this research, as indicated by the dilepton production analysis?",factual
3097575,Tensor renormalization group approach to critical phenomena via symmetry-twisted partition functions,2026-01-06,What are the critical temperature $T_c$ and critical exponent $ν$ for the 3D classical $O(2)$ nonlinear sigma model as determined by the tensor renormalization group approach?,factual
2894033,The $\pi^0\to \gamma^\ast \gamma^\ast$ transition form factor and the pion pole contribution to $a_{\mu}$ on CLS ensembles,2025-03-14,What type of gauge ensembles are used by the Mainz group for their lattice QCD calculation of the pion transition form factor $\mathcal{F}_{\pi^0\gamma^{\ast}\gamma^{\ast}}$?,factual
1879574,Proton number fluctuations in partial chemical equilibrium,2021-07-08,"What is the main assumption made in the hadron resonance gas model regarding the departure from the statistical Boltzmann distribution, and how does this assumption affect the temperature dependence of volume-independent ratios of higher-order cumulants of the net-proton number?",conceptual
2745616,Landscape of nuclear deformation softness with spherical quasiparticle random-phase approximation,2024-01-11,What method is used in the abstract to investigate the stability and softness of nuclei against various deformations?,factual
2983513,Shape polarization and coexistence of high-$K$ three-quasiparticle states in odd-mass $N=106$ isotones,2025-09-30,"Which nucleus in the study, from the odd-mass N=106 isotones within the A~180 mass region, is predicted to exhibit a particularly rich spectrum of shape coexistence with multiple high-K three-quasiparticle configurations at similar excitation energies, and what specific Kπ configuration at a given excitation energy is proposed to be responsible for a long-lived isomer?",factual
2034111,"Checking nonflow assumptions and results via PHENIX published correlations in $p+p, p$+Au, $d$+Au, and $^3$He+Au at $\sqrt {s_{NN}}$=200 GeV",2021-07-15,"What are the reported effects on the extracted $v_2$ and $v_3$ coefficients in $p$+Au and $d$+Au collisions after applying nonflow adjustments, and how do these adjusted results compare to theoretical models?",factual
2174596,Improved lattice method for determining entanglement measures in SU(N) gauge theories,2022-11-01,"What is the main challenge in determining entanglement measures like Rényi entropies in SU(N) gauge theories using the replica trick with lattice Monte Carlo, and how does this paper propose to address it?",summary
1819949,QCD phase diagram at finite isospin and baryon chemical potentials with the self-consistent mean field approximation,2020-09-24,How does the temperature of the QCD critical end point (CEP) and the critical baryon chemical potential change with increasing baryon chemical potential $(\mu_B)$ at a high isospin chemical potential ($\mu_I = 300$ MeV)?,factual
2804763,Examination of the evidence for a proton halo in <math><mmultiscripts><mi>Al</mi><mprescripts/><none/><mn>22</mn></mmultiscripts></math>,2024-07-04,"According to the abstract, what is the percentage of the s-wave component for the valence proton in the ground state of <math><mmultiscripts><mi>Al</mi><mprescripts/><none/><mn>22</mn></mmultiscripts></math> when triaxial deformation is considered, and why is this insufficient to form a discernible proton halo?",factual
1792057,Time-dependent generator coordinate method study of fission: mass parameters,2020-04-20,"What type of collective mass tensors are employed in the study of induced fission dynamics, as described in the abstract?",factual
2903293,Second order fluctuations of conserved charges in external magnetic fields,2025-06-15,"What is the specific lattice QCD setup used in this study to investigate second-order fluctuations of conserved charges in external magnetic fields, including the number of flavors, fermion type, and lattice dimensions?",factual
2922794,LaMET's Asymptotic Extrapolation vs. Inverse Problem,2025-05-20,What is the primary concern raised by arXiv:2504.17706 regarding LaMET's asymptotic extrapolation for calculating light-cone parton distributions?,factual
2053347,Significance of chiral three-nucleon force contact terms for understanding of elastic nucleon-deuteron scattering,2022-03-16,How does the inclusion of $\mathrm{N}^3\mathrm{LO}$ three-nucleon force contact terms affect the description of elastic nucleon-deuteron scattering observables below the pion production threshold?,conceptual
2724189,Extracting neutron skin from elastic proton-nucleus scattering with deep neural network,2023-11-20,"What is the estimated neutron skin thickness of <sup loc=""post"">48</sup>Ca based on the deep learning method applied to elastic proton-nucleus scattering?",factual
2799223,Four-dimensional QCD equation of state with multiple chemical potentials,2024-06-17,What conserved charges are considered when constructing the four-dimensional QCD equation of state model neos-4d?,factual
1839217,Pseudospin and spin symmetry in the relativistic generalized Woods-Saxon potential including Coulomb-like tensor potential,2021-01-04,"In the relativistic generalized Woods-Saxon potential with a Coulomb-like tensor potential, what mathematical function describes the radial wavefunctions in the exact pseudospin and spin symmetry limits?",factual
2678132,Postfission properties of uranium isotopes: A hybrid method with Langevin dynamics and the Hauser-Feshbach statistical model,2023-07-18,What specific experimental data for the neutron-induced fission of $^{236}$U were successfully reproduced by the hybrid method presented in the study?,factual
2658388,"Constraining the chirally motivated <math altimg=""si1.svg""><mi>π</mi><mi mathvariant=""normal"">Σ</mi><mo linebreak=""goodbreak"" linebreakstyle=""after"">−</mo><mover accent=""true""><mrow><mi>K</mi></mrow><mrow><mo stretchy=""false"">¯</mo></mrow></mover><mi>N</mi></math> models with the πΣ photoproduction mass spectra",2023-05-10,"What is the primary novelty of the combined fit presented in the paper regarding the <math altimg=""si2.svg""><msup><mrow><mi>K</mi></mrow><mrow><mo linebreak=",factual
1906155,Angular correlation between the fission fragment intrinsic spins,2021-08-15,"According to Bulgac et al. (2022), what is the approximate angle between the primordial fission fragment spins, and how does this compare to the interpretation by Wilson et al. (2021)?",factual
2644176,Origin of octupole deformation softness in atomic nuclei,2023-03-20,"According to the abstract, what theoretical framework is used to identify even-even nuclei that are unstable or soft against octupole deformation?",factual
2879230,Complete set of observables in pseudo-scalar meson photoproduction -- Controversy solved,2025-02-12,"According to the abstract, why is the claim that only four observables are needed for pseudo-scalar meson photoproduction, from the perspective of partial-wave analysis, not acceptable from an experimental viewpoint?",factual
2653134,Assessing the ultracentral flow puzzle in hydrodynamic modeling of heavy-ion collisions,2022-03-31,"What is the primary challenge in hydrodynamic modeling of heavy-ion collisions concerning experimental flow data, particularly in ultracentral collisions?",conceptual
2772062,Nuclear shape evolution of neutron-deficient Au and kink structure of Pb isotopes,2024-03-27,"What phenomenon is responsible for the significant change in mean-squared charge radii ($$\delta \langle r^2 \rangle$$) observed in neutron-deficient gold isotopes, according to the DRHBc theory?",conceptual
2673856,Dilaton chiral perturbation theory at next-to-leading order,2023-07-03,"What specific quantities were calculated at next-to-leading order in dilaton chiral perturbation theory (dChPT) in this study, and why were these quantities chosen?",factual
2764013,Multiparticle interpolating operators in quantum field theories with cubic symmetry,2024-03-01,What is the general algorithm presented in this work for constructing multiparticle interpolating operators in quantum field theories with cubic symmetry?,summary
2637216,Detecting and mitigating mode-collapse for flow-based sampling of lattice field theories,2023-02-27,"How does mode-collapse in normalizing flows affect sampling in lattice field theory, and what are the proposed methods to address this issue?",summary
2952170,Towards scalable quantum computations of atomic nuclei,2025-07-19,What is the scaling behavior of Pauli terms with increasing numbers of lattice sites in the described quantum simulation of atomic nuclei?,factual
1913351,Pions in proton structure and everywhere else,2021-08-27,"How does the pion cloud's contribution manifest in lepton-proton deep inelastic scattering and Drell-Yan studies, particularly in relation to recent SeaQuest data?",conceptual
2038741,Constraints on the $\Lambda$-neutron interaction from charge symmetry breaking of $A=4$ hypernuclei,2022-02-24,"What method is used to derive the hyperon-nucleon interactions, and what is the order of the chiral effective field theory expansion considered?",factual
2785269,"Primitive quantum gates for an <math display=""inline""><mi>S</mi><mi>U</mi><mo stretchy=""false"">(</mo><mn>3</mn><mo stretchy=""false"">)</mo></math> discrete subgroup: <math display=""inline""><mrow><mi mathvariant=""normal"">Σ</mi><mo stretchy=""false"">(</mo><mn>36</mn><mo>×</mo><mn>3</mn><mo stretchy=""false"">)</mo></mrow></math>",2024-04-30,What are the primitive gates required for the digital quantum simulation of the $\Sigma(36 \times 3)$ group?,factual
2740337,Chiral transition via Strong Coupling expansion,2023-12-22,What orders of truncation for the strong coupling expansion are compared in this study for the chiral transition temperature $aT_c$?,factual
1997412,Fifty ways to build a deuteron: a variational calculation of two-nucleon systems,2021-12-26,What are the three types of interpolating operators used in the variational study of two-nucleon systems as described in the abstract?,factual
2966579,Mechanism of the quasielastic scattering based on the dinuclear system concept,2025-09-04,"How does the improved DNS-sysu model address the underestimation of the quasielastic (QE) channel in low-energy heavy-ion collisions, particularly for light reaction systems?",conceptual
2645186,Ground state and fission properties of even-$A$ uranium isotopes from multidimensionally-constrained relativistic mean field model,2023-03-23,What specific deformations are investigated within the multidimensionally-constrained covariant density functional theories (MDC-CDFTs) for studying the ground state and fission properties of even-A uranium isotopes?,factual
2768750,"Curvature of the chiral phase transition line from the magnetic equation of state of (<math display=""inline""><mrow><mn>2</mn><mo>+</mo><mn>1</mn></mrow></math>)-flavor QCD",2024-03-14,"What are the calculated values for the curvature coefficients $\msubsup{K}_2^B$, $\msubsup{K}_2^S$, and $\msubsup{K}_{11}^{BS}$ at a lattice cutoff of $aT = 1/8$?",factual
2938717,Structure of Odd-A Ag Isotopes Studied via Algebraic Approaches,2025-06-25,"Within the context of the IBFM, what specific nuclear structure phenomenon in odd-A Ag isotopes is investigated, characterized by an abnormal ordering of the lowest and states?",factual
1791784,Magnetic susceptibility of QCD matter and its decomposition from the lattice,2020-04-19,"What is the temperature dependence of the magnetic susceptibility of QCD matter as determined by lattice simulations, and how does it decompose into spin and orbital angular momentum contributions?",summary
2648202,Electric and magnetic conductivities in magnetized fermion systems,2023-04-02,"What types of conductivities (longitudinal, transverse, and Hall) are calculated as a linear response of the vector current to the perturbative electric field in the Wigner function approach with relaxation time approximation for a magnetized fermion system?",factual
2626033,Robustness of Gauge Digitization to Quantum Noise,2023-01-24,"How much can the lifetime before complete loss of gauge symmetry be extended by optimizing the digitization of gauge theories to quantum memory, according to the abstract?",factual
2080270,Nature of particles azimuthal anisotropy at low and high transverse momenta in ultrarelativistic A + A collisions,2022-05-11,"According to the HYDJET++ model analysis of LHC data from Pb+Pb collisions, what is the origin of the experimentally observed correlations between $v_2$ at low and high $p_T$ in peripheral collisions?",factual
2797358,Shear Viscosity of an $N$-Component Gas Mixture using the Chapman--Enskog Method under Anisotropic Scatterings,2024-06-11,"What is the primary goal of this study regarding the Chapman-Enskog shear viscosity formula for a massless, multicomponent mixture?",summary
3065774,"Hartree-Fock emulators for nuclei: Application to charge radii of $^{48,52}$Ca",2025-10-09,What is the primary computational challenge that necessitates the use of emulators in large-scale sensitivity studies of many-body observables in nuclear physics?,conceptual
3097874,$I=\frac{3}{2}$$πK$$s$-wave scattering length from lattice QCD,2026-01-03,What method is used to calculate the $I=\frac{3}{2}$ $πK$ $s$-wave scattering phase shift in this lattice QCD computation?,factual
2668005,Prediction of the neutron drip line in oxygen isotopes using quantum computation,2023-06-10,"Which interaction, when used with unitary coupled cluster Ansätze and executed on IonQ's Aria after gate error mitigation, resulted in the prediction of $^{24}$O as the neutron drip line nucleus in the oxygen isotope chain?",factual
2841511,Heavy Quarkonium-nuclear bound states within a generalized linear sigma model,2024-10-21,What types of heavy quarkonium states (charmonium and bottomonium) are estimated to be bound in various nuclei using potentials derived from mass shifts in nuclear matter within the generalized linear sigma model?,factual
2810672,"Investigating the rate of $^{10}$Be(n,$\gamma$)$^{11}$Be radiative capture reaction within the FRDWBA framework",2024-07-23,"What theoretical framework and experimental approach are used in this study to investigate the $^{10}$Be(n,$\gamma$)$^{11}$Be radiative capture reaction?",factual
2810684,Fine-structure constant sensitivity of the Th-229 nuclear clock transition,2024-07-24,"What is the calculated sensitivity of the $^{229}$Th nuclear clock transition frequency to variations in the fine-structure constant, and what nuclear parameter dominates its uncertainty?",factual
2088194,"Search for <math display=""inline""><mrow><mover accent=""true""><mrow><mi>b</mi></mrow><mrow><mo stretchy=""false"">¯</mo></mrow></mover><mover accent=""true""><mrow><mi>b</mi></mrow><mrow><mo stretchy=""false"">¯</mo></mrow></mover><mi>u</mi><mi>s</mi></mrow></math> and <math display=""inline""><mrow><mover accent=""true""><mrow><mi>b</mi></mrow><mrow><mo stretchy=""false"">¯</mo></mrow></mover><mover accent=""true""><mrow><mi>c</mi></mrow><mrow><mo stretchy=""false"">¯</mo></mrow></mover><mi>u</mi><mi>d</mi></mrow></math> tetraquark bound states using lattice QCD",2022-05-27,What is the binding energy of the strongly-interaction-stable $\bar{b}\bar{b}us$ tetraquark found in the study?,factual
2893733,Pauli-blocking effects in Nilsson states of weakly bound exotic nuclei,2025-02-24,What are the different methods of blocking occupied states in deformed two-body models that are explored in this study for the carbon isotopes ${^17}$C and ${^19}$C?,factual
2849163,"Aspects of the chiral crossover transition in (<math display=""inline""><mrow><mn>2</mn><mo>+</mo><mn>1</mn></mrow></math>)-flavor QCD with Möbius domain-wall fermions",2024-11-15,"In (<math display=""inline""><mrow><mn>2</mn><mo>+</mo><mn>1</mn></mrow></math>)-flavor QCD with Möbius domain-wall fermions on an <math display=""inline""><msub><mi>N</mi><mi>τ</mi></msub><mo>=</mo><mn>8</mn></math> lattice, what is the pseudocritical temperature <math display=""inline""><mrow><msub><mrow><mi>T</mi></mrow><mrow><mi>p</mi><mi>c</mi></mrow></msub></mrow></math> where the nonsinglet part of the chiral symmetry is effectively restored, and at what temperature <math display=""inline""><mi>T</mi></math> is the singlet <math display=""inline""><msub><mi mathvariant=",factual
1991913,Pairing strength in the relativistic mean-field theory determined from the fission barrier heights of actinide nuclei and verified by pairing rotation and binding energies,2021-12-15,What is the effect of increasing the BCS pairing strength by approximately 13% on the reproduction of inner fission barriers in actinide nuclei within the relativistic mean-field approach?,factual
1850036,Measurement methods of radial flow in relativistic heavy-ion collisions,2021-03-04,What two methods are proposed in the abstract for extracting radial flow from the azimuthal distribution of mean transverse rapidity in relativistic heavy-ion collisions?,factual
2623743,Effective field theory analysis of the Coulomb breakup of the one-neutron halo nucleus $^{19}$C,2023-01-16,"Within the Coulomb-Corrected Eikonal (CCE) approximation and using Halo Effective Field Theory (Halo EFT) at leading order, how does the Coulomb breakup cross section of $^{19}$C relate to the size of ${}^{18}$C?",factual
2898308,Generalized Ginsparg-Wilson relations: Fermionic anomalies on the lattice,2025-03-07,"How does the generalized Ginsparg-Wilson relation capture the manifestation of anomalous chiral symmetry for Dirac fermions on the lattice, and what is its closed-form solution?",factual
2685051,"Universality of three identical bosons with large, negative effective range",2023-08-02,What is the condition on the dimensionless ratio $\xi :=2r_0/a$ for a well-defined ground state of three identical bosons in the leading order of Resummed-Range Effective Field Theory?,factual
1856086,Scaling with deformation in probable $p$-wave halo $^{34}$Na,2021-04-04,"What are the two parameters that the total B(E1) strength scales with in the deformed projectile $^{34}$Na, according to the study?",factual
2139824,Local equilibrium and Lambda polarization in high energy heavy ion collisions,2022-08-21,"What is the significance of the polarization of the Λ hyperon in relativistic heavy-ion collisions, and what new theoretical insights have been made regarding its contribution from a local equilibrium term?",conceptual
2654408,QCD Anderson transition with overlap valence quarks on a twisted-mass sea,2023-04-26,"How does the mobility edge, which determines the temperature dependence of quark localization, behave in relation to the pseudocritical temperature of the chiral transition based on the QCD Anderson transition study with overlap valence quarks?",conceptual
2107830,Neutron Single-Particle States in $^{101}$Sn by Polynomial Fits and Shell Model Calculations for Light Sn Isotopes,2022-07-08,"How are the neutron single-particle energies (SPEs) in $^{101}$Sn determined in the absence of experimental data, and what methods are used for shell model calculations in light Sn isotopes?",summary
2057927,A possible trial beyond the conventional random phase approximation for the su(2)-Lipkin model including the case of nonclosed shell system,2022-03-23,"What is the main issue with the conventional random phase approximation (RPA) in the context of the su(2)-Lipkin model for calculating the excitation energy to the first excited state, and how is this issue addressed in the proposed renewal?",conceptual
1959499,The asymptotic approach to the continuum of lattice QCD spectral observables,2021-11-03,What is the asymptotic form of cutoff effects for Wilson fermions and Domain Wall Fermions (DWF) with a domain wall height \(M_5 = 1 + \mathrm{O}(g_0^2)\)?,factual
1806893,Valence parton distribution of the pion from lattice QCD: Approaching the continuum limit,2020-07-13,What pion mass (in MeV) and lattice spacings (in fm) were used in this lattice QCD determination of the valence parton distribution function?,factual
1821369,Was GW190814 a Black Hole–Strange Quark Star System?,2020-10-04,"In the context of the two-families scenario, what characteristic of strange quark stars allows them to reach the mass range observed in GW190814 (M∼(2.5–2.67)  M⊙)?",factual
2158312,Overlap quark propagator near the physical pion mass,2022-09-29,What is the pion mass used in the calculation of the Landau-gauge quark propagator with overlap valence fermions on PACS-CS gauge fields?,factual
2850180,Qualitative and quantitative detection of the QCD phase-transition boundary,2024-11-20,"According to the study, what specific particle types exhibit noticeable dips in directed flow strength as collision energy increases, and what model was used to analyze this phenomenon?",factual
1841345,"Remarks on nuclear matter: How an $\omega_0$ condensate can spike the speed of sound, and a model of $Z(3)$ baryons",2021-01-14,"In the context of nuclear matter, what mechanism leads to the generation of an \(\omega_0\) condensate, and how does this relate to the equation of state (EOS) and the speed of sound at high density?",conceptual
2829609,"Investigation of nuclear structure and <math altimg=""si18.svg"" display=""inline"" id=""d1e17515""><mi>β</mi></math>-decay properties of As isotopes",2024-10-09,Which nuclear structure model and interaction were used to investigate the ground state properties of $^{67-80}$As nuclei and calculate their deformation parameters ($eta_2$)?,factual
2778935,"Dirac spectral density in <math display=""inline""><msub><mi>N</mi><mi>f</mi></msub><mo>=</mo><mn>2</mn><mo>+</mo><mn>1</mn></math> QCD at <math display=""inline""><mrow><mi>T</mi><mo>=</mo><mn>230</mn><mtext> </mtext><mtext> </mtext><mi>MeV</mi></mrow></math>",2024-04-18,"What is the upper bound for the IR phase transition temperature <math display=""inline""><msub><mi>T</mi><mi>IR</mi></msub></math> according to the findings in the abstract?",factual
2974296,Regularized Lednicky-Lyuboshitz formula for higher partial waves in femtoscopy,2025-09-26,"How does the generalized Lednicky-Lyuboshitz formula produce incorrect results, and what method is used in this study to regularize it?",conceptual
2047185,Charge radii of Ca isotopes and correlations,2022-03-07,"How do short-range and long-range correlations affect the charge radii of Calcium isotopes, and which type of correlation has a more significant impact according to the study?",conceptual
2744317,High-order Shakhov-like extension of the relaxation time approximation in relativistic kinetic theory,2024-01-08,"What is the Shakhov-like distribution <math display=""inline""><msub><mi>f</mi><mrow><mi mathvariant=",factual
2870948,Unnuclear matter at large charge,2025-01-17,"What is the order at which leading effective-range effects enter in the calculation of two-point correlation functions for large-charge operators, according to the abstract?",factual
2760745,Upper bound on the speed of sound in nuclear matter from transport,2024-02-21,"What is the upper bound on the speed of sound squared ($c_s^2$) for systems described by relativistic transient hydrodynamics, and what implication does this bound have for the maximum mass of non-rotating neutron stars?",factual
2157233,Elastic properties of nuclear pasta in a fully three-dimensional geometry,2022-09-27,"How do the elastic constants of nuclear pasta configurations (droplet, rod, and slab phases) change with increasing density, and how do analytic formulae from the incompressible liquid-drop model compare to numerical estimations in these phases?",factual
1959544,Efficacy of the symmetry-adapted basis for ab initio nucleon-nucleus interactions for light- and intermediate-mass nuclei,2021-11-02,"What specific target nuclei (<sup loc=""post"">4</sup>He, <sup loc=""post"">16</sup>O, and <sup loc=""post"">20</sup>Ne) were used to obtain ab initio neutron-nucleus interactions within the symmetry-adapted no-core shell-model and resonating group method (SA-RGM) framework, starting from realistic nucleon-nucleon potentials?",factual
1794163,Extracting the number of short-range correlated nucleon pairs from inclusive electron scattering data,2020-05-04,"In the context of extracting the number of short-range correlated (SRC) nucleon pairs, what is the sensitivity of the nonrelativistic instant-form formulation of the generalized contact formalism (GCF) to model parameters, and how does this compare to the light-cone GCF formulation?",conceptual
1866109,Information Content of the Parity-Violating Asymmetry in Pb208,2021-05-31,What is the predicted neutron skin thickness ($r_{\text{skin}}$) in $^{208}$Pb and the symmetry-energy slope ($L$) based on the optimized functionals described in the abstract?,factual
2789932,Investigation of spectral properties of $^{11}$Be in breakup reactions*,2024-05-24,What nucleus is investigated in breakup reactions within the quantum-quasiclassical approach in the given abstract?,factual
2098152,Lattice Monte Carlo simulations with two impurity worldlines,2022-06-19,"In the context of two distinguishable impurities interacting with a bath of polarized fermions, how are the impurities described in the lattice Monte Carlo formalism, and what role do they play in affecting the majority particles?",factual
1999431,Normalizing flows for the real-time sign problem,2021-12-30,What is the guarantee provided by a normalizing flow once it is found for a bosonic lattice field theory with a real-time sign problem?,factual
2900995,On the mapping after and before truncation in the boson expansion theory,2025-03-17,Under what condition do the 'mapping after truncation' and 'mapping before truncation' in the boson expansion theory coincide?,factual
2841480,Shell quenching in nuclear charge radii based on Monte Carlo dropout Bayesian neural network,2024-10-21,"What is the standard root-mean-square deviation achieved by the Bayesian neural network with the modified Casten factor $\textit{P}^{\ast}$ for the training and validation datasets, respectively?",factual
1823726,Vorticity and Spin Polarization in Heavy Ion Collisions: Transport Models,2020-10-18,What theoretical framework is used to derive the freeze-out formula for spin polarization in a vortical fluid within the context of heavy ion collisions?,factual
2955792,Searching for solitons in heavy-ion reactions near the fermi energy,2025-07-31,"What are the conditions and energy range (<math altimg=""si8.svg""><mrow><mi>E</mi><mo linebreak=",factual
2164507,"Nucleon-nucleon correlations inside atomic nuclei: synergies, observations and theoretical models",2022-10-12,What types of energetic probes have been used to establish the role of internal nucleon-nucleon correlations within atomic nuclei?,factual
1895117,Tensor network approach to two-dimensional Yang–Mills theories,2021-07-29,What is the novel tensor network representation proposed for two-dimensional Yang–Mills theories in terms of how tensor indices are handled with respect to group elements?,factual
2831863,"Center vortices and localized Dirac modes in the deconfined phase of (<math display=""inline""><mrow><mn>2</mn><mo>+</mo><mn>1</mn></mrow></math>)-dimensional lattice <math display=""inline""><msub><mi mathvariant=""double-struck"">Z</mi><mn>2</mn></msub></math> gauge theory",2024-09-23,"In the (<math display=""inline""><mrow><mn>2</mn><mo>+</mo><mn>1</mn></mrow></math>)-dimensional lattice <math display=""inline""><msub><mi mathvariant=",factual
1925104,Persistence of cluster structure in the ground state of B11,2021-09-21,"According to the abstract, what is the significance of the spin-orbit interaction in relation to alpha clusters in nuclear systems?",conceptual
2841483,Perturbative gradient flow coupling of the twisted Eguchi–Kawai model with the numerical stochastic perturbation theory,2024-10-21,What is the order of the perturbative gradient flow coupling computation for SU(N) Yang-Mills theory in the large-N limit as described in the abstract?,factual
2915882,Symmetry Energy Expansion with Strange Dense Matter,2025-04-25,"How does the inclusion of a finite strangeness affect the symmetry energy expansion in the context of weak equilibrium, according to the abstract?",conceptual
2957691,Machine Learning-Driven High-Precision Model for $α$-Decay Energy and Half-Life Prediction of superheavy nuclei,2025-08-05,What are the key nuclear structural features incorporated into the XGBoost model for predicting alpha-decay energy and half-life of superheavy nuclei?,factual
3088037,Fermi-liquid view of viscosity in cold and dense nucleon matter,2025-12-01,"According to the abstract, what is the relationship between bulk viscosity (ζ) and shear viscosity (η) in the degenerate regime, and how is this relationship affected by quasiparticle mass correction?",factual
2662290,Electric $1^+$ state below nuclear scissors,2023-05-24,What is the nature of the fourth low-lying $1^+$ state predicted by the Wigner function moments method?,factual
2811024,Heavy-flavor mesons in a strong electric field,2024-07-25,"In one-dimensional systems, under what condition is deconfinement realized for heavy-flavor mesons in the presence of a strong electric field and confining potential?",factual
2877675,Pion condensation at non-zero isospin chemical potential with Wilson fermions,2025-02-07,What type of fermions do currently available literature results on the phase diagram and equation of state for pion condensation at non-zero isospin chemical potential employ?,factual
2791962,Tractable <math><mi>T</mi></math>-matrix model for reaction processes in muon-catalyzed fusion <math><mrow><msub><mrow><mo>(</mo><mi>d</mi><mi>t</mi><mi>μ</mi><mo>)</mo></mrow><mrow><mi>J</mi><mo>=</mo><mi>v</mi><mo>=</mo><mn>0</mn></mrow></msub><mo>→</mo><mi>α</mi><mo>+</mo><mi>n</mi><mo>+</mo><mi>μ</mi><mo>+</mo><mn>17.6</mn></mrow></math> MeV or <math><mrow><msub><mrow><mo>(</mo><mi>α</mi><mi>μ</mi><mo>)</mo></mrow><mrow><mi>n</mi><mi>l</mi></mrow></msub><mo>+</mo><mi>n</mi><mo>+</mo><mn>17.6</mn></mrow></math> MeV,2024-01-30,"What nuclear interactions are adopted in the T-matrix model presented in the abstract, and how are they determined?",factual
2938332,Determination of asymptotic normalization coefficients based on the dispersive optical model,2025-06-24,What is the only fitting parameter used in the proposed method for determining asymptotic normalization coefficients based on the dispersive optical model potential?,factual
2815909,Feasibility study of a dark matter admixed neutron star based on recent observational constraints,2024-08-07,"How does the inclusion of dark matter in the relativistic mean field (RMF) approach, specifically in the NL DM model, affect the neutron star equation of state (EOS) compared to the NL-σ cut model?",conceptual
1980649,Two-pion exchange as a leading-order contribution in chiral effective field theory,2021-11-30,"In the context of chiral effective field theory and the \(^1S_0\) partial wave, what are the limitations of using only one-pion exchange (OPE) and a contact term for describing scattering phase shifts, and what breakdown momentum was observed?",factual
2849879,Exclusive <math><mrow><mi>J</mi><mo>/</mo><mi>ψ</mi></mrow></math> photoproduction on nuclei,2024-11-18,"According to the abstract, what two main amplitudes are included in the multiple scattering theory calculations for exclusive <math><mrow><mi>J</mi><mo>/</mo><mi>ψ</mi></mrow></math> photoproduction on nuclei?",factual
2822112,Sources of longitudinal flow decorrelations in high-energy nuclear collisions,2024-08-27,"What are the two distinct components that the longitudinal structure of the QGP is found to have, according to the data-driven approach used in this study?",factual
2182365,Number conservation in odd-particle number random phase approximation and extensions,2022-11-14,"In the context of the oRPA and EoRPA approximations, how does the inclusion of ground-state correlation effects impact the fulfillment of the number conservation law when applied to ^16O?",factual
2162512,"Toward a unified treatment of <math><mrow><mi mathvariant=""normal"">Δ</mi><mi>S</mi><mo>=</mo><mn>0</mn></mrow></math> parity violation in low-energy nuclear processes",2022-10-07,"What specific type of parity violation in low-energy nuclear processes is being revisited in this study, and what theoretical framework is being used for its ab initio treatment?",factual
2617392,Metadynamics Surfing on Topology Barriers in the Schwinger Model,2022-12-22,"How does metadynamics address the problem of topological freezing in lattice simulations, as demonstrated in the Schwinger model?",conceptual
2904412,High-precision ab initio radius calculations of boron isotopes,2025-03-26,What ab initio methods are used in this study to calculate the radii of Boron isotopes and quantify uncertainties?,factual
2859411,Relativistic viscous hydrodynamics in the density frame: Numerical tests and comparisons,2024-12-13,What are the key advantages of the density frame formulation of relativistic viscous hydrodynamics as described in the abstract?,factual
2148111,Strange mesons in nuclei and neutron stars,2022-09-07,What is the primary focus of the review concerning strange mesons in nuclei and neutron stars?,summary
2616265,The isentropic equation of state of (2+1)-flavor QCD: An update based on high precision Taylor expansion and Pade-resummed expansion at finite chemical potentials,2022-12-20,What is the maximum value of $\mu_B / T$ for which the Taylor series expansion for the pressure is considered accurate based on the HotQCD Collaboration's calculations?,factual
2808180,Proton drip line of deformed hypernuclei,2024-07-15,How does the addition of a $\Lambda$ hyperon in an $s$ or $p$ state affect the proton drip line of deformed hypernuclei according to the deformed Skyrme-Hartree-Fock approach?,factual
1845149,A study of open shell nuclei using chiral two-body interactions,2021-02-05,"What specific chiral two-body interaction was used in the study of open shell nuclei, and what was the primary discrepancy observed for 24Mg and 48Cr when comparing calculated excitation energies to experimental values?",factual
2624826,Bridge++ 2.0: Benchmark results on supercomputer Fugaku,2023-03-10,"What new features does Bridge++ 2.0 offer compared to previous versions, specifically regarding data layout and precision?",factual
2139427,"Continuum random-phase approximation for <math><mrow><mo>(</mo><mi>n</mi><mo>,</mo><mi>γ</mi><mo>)</mo></mrow></math> reactions on neutron-rich nuclei: Collective effects and resonances",2022-08-19,"What type of excitation modes can be described by the continuum random-phase approximation (cRPA) approach in the context of (n,γ) reactions?",factual
2614181,Hausdorff dimension of fermions on a random lattice,2022-12-14,"What is the calculated Hausdorff dimension $d_H$ for Majorana spinors on a random lattice in this study, and how does it compare to the bounds found in the literature?",factual
2685970,Investigating Spontaneous SO(10) Symmetry Breaking in Type IIB Matrix Model,2023-08-01,"According to the abstract, what method is used to tackle the sign problem in the Euclidean version of the type IIB matrix model, and what specific challenge arises when applying it to investigate spontaneous SO(10) symmetry breaking?",factual
2665702,$B\pi $ excited-state contamination in lattice calculations of B-meson correlation functions,2023-06-05,"According to the abstract, what is the typical overestimation level of observables due to $B\[0.5ex] \pi $ states?",factual
2925189,"<math display=""inline""><mrow><mi>η</mi></mrow></math> and <math display=""inline""><msup><mi>η</mi><mo>′</mo></msup></math> mesons from <math display=""inline""><msub><mi>N</mi><mi>f</mi></msub><mo>=</mo><mn>2</mn><mo>+</mo><mn>1</mn></math> lattice QCD at the physical point using topological charge operators",2025-05-26,"What are the extracted values for the $\eta$ and $\eta'$ masses and the mixing angle $\theta_1$ from the lattice QCD calculation using topological charge density operators, and what do the two sets of errors represent?",factual
1847163,Exploring the QCD phase diagram with fluctuations,2021-02-16,What is the purpose of the new subensemble sampler in the context of heavy-ion collisions described in the abstract?,factual
1940920,Global symmetry breaking in gauge theories: the case of multiflavor scalar chromodynamics,2021-10-11,What type of lattice models are used to investigate the validity of assuming gauge fields are irrelevant in effective critical models for continuous phase transitions in global symmetry breaking?,factual
1966309,Nucleon Axial Form Factor from Domain Wall on HISQ,2021-11-11,What is the main goal of the Deep Underground Neutrino Experiment (DUNE) mentioned in the abstract?,factual
2132292,"Partial-wave expansion of <math><mrow><mi mathvariant=""normal"">Λ</mi><mi>N</mi><mi>N</mi></mrow></math> three-baryon interactions in chiral effective field theory",2022-08-03,"What is the primary objective of the partial-wave expansion of $\Lambda N N$ three-baryon interactions in chiral effective field theory presented in the abstract, and how does it build upon previous work?",summary
2743247,Pseudospin symmetry: Microscopic origin of the ground-state inversion in neutron-rich odd-A Cu isotopes,2024-01-03,"Within the covariant density functional theory (CDFT) using the PC-PK1 density functional, what is the specific reason provided in the abstract for the inversion of the ground-state spin at $A=75$ in odd-A $^{69-79}$Cu isotopes?",factual
1969347,Dependence of total kinetic energy of fission fragments on the excitation energy of fissioning systems,2021-11-16,"According to the abstract, what specific change in the shape of the heavy fission fragments is responsible for the decrease in the average total kinetic energy (TKE) of fission fragments as the excitation energy of the fissioning systems increases?",factual
2088943,Examination of background effects on the light-nuclei yield ratio in relativistic heavy-ion collisions,2022-05-27,"In the context of the coalescence model and relativistic heavy-ion collisions, how do background effects, specifically the noncritical effects from the thermal background, influence the light-nuclei yield ratio <math><mrow><msub><mi>N</mi><mi>t</mi></msub><msub><mi>N</mi><mi>p</mi></msub><mo>/</mo><msubsup><mi>N</mi><mi>d</mi><mn>2</mn></msubsup></mrow></math>?",conceptual
1835575,Interpretation of the quasiparticle plus triaxial rotor model,2020-12-07,What are the new methods introduced for interpreting quantal results from the triaxial rotor model in the paper?,factual
2779402,Gauged Gaussian projected entangled pair states: A high dimensional tensor network formulation for lattice gauge theories,2024-04-19,What are the limitations of conventional Monte Carlo methods for lattice gauge theories that the proposed gauged Gaussian projected entangled pair states (PEPS) framework aims to overcome?,conceptual
2771653,Symplectic quantization: numerical results for the Feynman propagator on a 1+1 lattice and the theoretical relation with quantum field theory,2024-03-25,"What is the primary advantage of symplectic quantization compared to other existing approaches for simulating quantum field theories, particularly concerning space-time?",factual
2679255,Number-Theory Renormalization of Vacuum Energy,2023-07-21,"In lattice quantum field theory with $d \geqslant 3$, under what conditions is the vacuum energy (bosonic and fermionic) zero, and what mathematical concept is this related to?",conceptual
2929301,The Infrared Phase of QCD and Anderson Localization,2025-06-04,What recent developments have shown Anderson-like features to be central to the genesis and understanding of the new IR phase of QCD?,factual
2842781,Locating Critical Points Using Ratios of Lee-Yang Zeros,2024-10-25,"How can the finite-size scaling of Lee-Yang zeros be used to locate a critical point in general systems, and what advantage does this method offer over Binder-cumulant analysis, especially in systems with mixed variables?",conceptual
2779997,Digital Quantum Simulation for Spectroscopy of Schwinger Model,2024-04-23,"What is the proposed quantum algorithm for computing the energy spectra of quantum field theory, and how does it function by utilizing a time-oscillating perturbation and measuring the loss in vacuum-to-vacuum probability?",conceptual
1834422,"Folding-model approach to reaction cross section of $^{4,6,8}$He+$^{12}$C scattering at 790 MeV (published in Results in Physics)",2020-12-02,"What method did Tanihata et al. use to determine the matter radii $r_{m}(σ_{m I})$ for $^{4,6,8}$He isotopes from interaction cross sections $σ_{m I}$ of $^{4,6,8}$He+$^{12}$C scattering at 790 MeV per nucleon?",factual
2072329,Ab-initio QCD Calculations Impact the Inference of the Neutron-star-matter Equation of State,2022-04-25,"How does the QCD input from ab-initio calculations affect the pressure and speed of sound at high densities within neutron stars, according to the abstract?",factual
2785066,Isovector giant dipole resonance mode with an improved propagation approach in the framework of EQMD model,2024-05-22,How does the Monte Carlo integral method with non-integer exponent integration improve the EQMD model for studying the isovector giant dipole resonance (IVGDR)?,conceptual
2749458,Applications of flow models to the generation of correlated lattice QCD ensembles,2024-01-19,What are the three proof-of-concept applications demonstrated in the paper that utilize machine-learned normalizing flows for generating correlated lattice QCD ensembles?,summary
3072966,Gaussian Processes for Inferring Parton Distributions,2025-10-23,"What is the primary challenge in extracting parton distribution functions (PDFs) from experimental or lattice QCD data, and how does the proposed Gaussian Process Regression (GPR) framework address this challenge?",conceptual
1804297,"Outer crust of a cold, nonaccreting neutron star within the quark-meson-coupling model",2020-06-30,"Within the Quark-Meson-Coupling (QMC) model, what is the primary effect considered regarding the behavior of nucleons in a high-density nuclear medium that influences the outer crust properties of neutron stars?",conceptual
2974298,A lattice QCD study of low-energy interactions of doubly charmed baryons,2025-09-29,"What specific S-wave interactions between doubly charmed baryons ($Ξ_{cc},Ω_{cc}$) and Goldstone bosons ($π,K,ar{K}$) were investigated in this lattice QCD study, and what lattice parameters were used?",factual
2741122,Spin alignment of vector mesons by second-order hydrodynamic gradients,2023-12-28,"How does the transverse momentum dependence of $\rho_{00}$ deviate from $1/3$ for $\phi$ and $K^{*0}$ mesons in Au-Au collisions at $\sqrt{s_{NN}} = 130 \text{ GeV}$, and what is the observed centrality dependence of this deviation?",factual
2851649,A unified mechanism for the origin and evolution of nuclear magicity,2024-11-23,"How does the Dirac mass kinetic term, in combination with the spin-orbit term, influence the nuclear shell structure and redefine magic numbers in both stable and exotic nuclei according to the abstract?",conceptual
1794456,One fluid might not rule them all,2020-05-06,Which three initial condition models were used in the iEBE-VISHNU hybrid model to investigate hydrodynamic collectivity in high-multiplicity proton–proton collisions at $\sqrt{s}=13$ TeV?,factual
2641232,Thermodynamics with Möbius domain wall fermions near physical point II,2023-03-10,"What lattice spacing, N_T, values were used in the 2+1 flavor lattice QCD simulation to study thermodynamic properties near the (pseudo) critical point?",factual
2750112,Weakening of N = 28 shell gap and the nature of 02+ states,2024-01-22,"How does the interacting boson model, incorporating intruder states and configuration mixing, describe the low-lying yrast and yrare states of N = 28 even-even isotones from Si to Fe and Ca isotopes?",factual
2783521,Entanglement in selected binary tree states: Dicke or total spin states or particle-number-projected BCS states,2024-05-06,"What kind of symmetries, such as total spin or particle number, can lead to the appearance of Binary Tree States (BTSs) in many-body systems treated in Fock space?",factual
2922788,First nucleon gluon PDF from large momentum effective theory,2025-05-19,What is the main accomplishment reported in this paper concerning nucleon gluon parton distribution functions (PDFs)?,summary
2937135,Bayesian analysis and analytic continuation of scattering amplitudes from lattice QCD,2025-06-19,What are the two main techniques used in the presented procedure to analyze lattice QCD spectra and obtain scattering amplitudes?,factual
3095268,Lattice QCD calculation of charmed baryon decay constants at continuum limit and physical mass,2025-12-23,What is the precision of the obtained charmed baryon decay constants from the first principles calculation described in the abstract?,factual
2100815,"Low-energy <math><mrow><mmultiscripts><mi mathvariant=""normal"">Li</mi><mprescripts/><none/><mn>7</mn></mmultiscripts><mo>(</mo><mi>n</mi><mo>,</mo><mi>γ</mi><mo>)</mo><mmultiscripts><mi mathvariant=""normal"">Li</mi><mprescripts/><none/><mn>8</mn></mmultiscripts></mrow></math> and <math><mrow><mmultiscripts><mi mathvariant=""normal"">Be</mi><mprescripts/><none/><mn>7</mn></mmultiscripts><mo>(</mo><mi>p</mi><mo>,</mo><mi>γ</mi><mo>)</mo><mmultiscripts><mi mathvariant=""normal"">B</mi><mprescripts/><none/><mn>8</mn></mmultiscripts></mrow></math> radiative capture reactions within the Skyrme Hartree-Fock approach",2022-06-24,"What is the calculated astrophysical \(\mathcal{S}_{17}(0)\) factor for the \(\mathrm{^{7}Be}(p,\gamma)\mathrm{^{8}B}\) reaction within the Skyrme Hartree-Fock approach?",factual
2863236,Investigating nuclear density profiles to reveal particle-hole configurations in the island of inversion,2024-12-26,How do central density and diffuseness correlate with particle-hole configurations in nuclei within the island of inversion?,factual
2098242,Nuclear pasta structures at high temperatures,2022-06-19,What are the typical crystalline configurations of nuclear pasta structures at high temperatures according to the relativistic mean field model with Thomas-Fermi approximation?,factual
2615925,A Powerful New Energy Density Functional,2022-12-18,"What is the accuracy of the new energy density functional derived within the quark-meson coupling model when reproducing nuclear properties across the entire periodic table, despite being fit to only seventy magic nuclei?",factual
2804221,Nuclear shell model study of neutrinoless double-<math><mi>β</mi></math> decay within a left-right symmetric model,2024-07-02,"In the context of the left-right symmetric model, which mechanism's decay rate is dominated by the weak magnetism $R$ term, and which terms are of equal importance for the other discussed mechanism?",factual
1809836,Proto-neutron stars with heavy baryons and universal relations,2020-08-01,What baryon content is included in the covariant density functional theory used to obtain the equation of state for compact stars in this study?,factual
2748722,New gauge-independent transition dividing the confinement phase in the lattice gauge-adjoint scalar model,2023-12-28,What specific gauge-independent method was used to reexamine the phase structure of the lattice gauge-adjoint scalar model with an SU(2) gauge group?,factual
2685986,Hexadecapole axial collectivity in the rare earth region: A beyond-mean-field study,2023-08-07,"In the context of the study on hexadecapole collectivity in the rare earth region, what is the relationship between the quadrupole and hexadecapole degrees of freedom as indicated by the analysis of the results?",factual
2766195,Stochastic relativistic advection diffusion equation from the Metropolis algorithm,2024-03-06,What statistical weight is used in the Metropolis step to accept or reject random charge transfers in the simulation of the relativistic advection-diffusion equation?,factual
1985641,Collision centrality and system size dependences of light nuclei production via dynamical coalescence mechanism,2021-12-07,"How do the coalescence parameters $B_2$ and $B_3$ vary with transverse momentum and collision centrality for deuteron and triton production in $^{197}$Au + $^{197}$Au collisions at $\sqrt{s_{NN}} = 39$ GeV, according to the dynamical phase-space coalescence model coupled with the AMPT model?",factual
2843795,Chiral edge states on spheres for lattice domain wall fermions,2024-10-30,"What type of gauge theories can be regularized by Weyl edge states on manifolds in dimension $d+1$ with a connected $d$-dimensional boundary, for even $d$?",factual
1913922,Charm and beauty in the deconfined plasma from quenched lattice QCD,2021-08-31,"At what temperatures above $T_c$ are resonance peaks for $J/\psi$ and $\Upsilon$ needed to reproduce charmonium and bottomonium correlators in the vector channel, respectively?",factual
1808677,High-spin doublet band structures in odd–odd $^{194-200}$Tl isotopes,2020-07-24,"What is the driving configuration of chiral symmetry in the odd-odd Tl isotopes investigated, and how does it differ from the configurations observed in other nuclei?",factual
2755022,Nakanishi integral representation of pseudoscalar fermion-antifermion bound states in the Bethe--Salpeter equation,2024-02-01,What is the proposed method for solving the pseudoscalar bound state amplitude in the Bethe-Salpeter equation (BSE) within Minkowski space?,summary
3084394,Formulation of fully covariant Quantum-Molecular Dynamics for an N-body system with scalar and vector potentials,2025-11-17,"What are the key aspects of relativistic many-body dynamics that the presented covariant transport framework aims to address, particularly concerning time-constraints, the non-relativistic limit, frame independence, and the roles of scalar and vector potentials?",summary
2963580,Two-flavored heavy mesons' nuclear bound states,2025-08-25,How are the $B_c$- and $B_s$-nucleus bound state energies and radial wave functions calculated according to the abstract?,factual
1808779,Nuclear structure properties of even-even chromium isotopes and the effect of deformation on calculated electron capture cross sections,2025-04-12,How does the total Gamow-Teller (GT) strength and the calculated electron capture cross section (ECC) change with increasing values of the nuclear deformation parameter $\beta$ for even-even chromium isotopes?,factual
1849510,A relativistic quantum approach to neutrino and antineutrino emission via the direct Urca process in strongly magnetized neutron-star matter,2021-03-02,"How do strong magnetic fields affect the kinematic constraints of the direct Urca process in neutron-star matter, potentially allowing it to occur in density regions where it would normally be forbidden?",conceptual
2796542,"Ab initio valence-space in-medium similarity renormalization group calculations for neutron-rich P, Cl, and K isotopes*",2024-06-09,What is the key finding regarding the level inversion between the $1/2^-$ and $3/2^-$ states in odd-A isotopes and what is it attributed to?,factual
1935751,Solar neutrinos and the primordial Sun,2021-09-29,"How can recent Borexino measurements of CN solar neutrinos be used to constrain the composition of the solar core, according to the abstract?",factual
2838374,Hypertriton puzzle in relativistic heavy-ion collisions,2024-10-07,"What are the key features of the hypertriton puzzle in relativistic heavy-ion collisions, as described by the abstract, and what are the proposed explanations?",summary
2012756,"Exploring bosonic and fermionic link models on <math><mrow><mo>(</mo><mn>3</mn><mo>+</mo><mn>1</mn><mo>)</mo><mi mathvariant=""normal"">D</mi></mrow></math> tubes",2022-01-18,"What is the difference in spectral properties between the bosonic and fermionic versions of the \text{U}(1)-symmetric quantum link models in (3+1)D, as compared to their (2+1)D counterparts?",factual
1823729,Effect of electron screening on the $\alpha$ decay,2020-10-19,"What is the sign of the effect of the electron shell of an atom on the alpha decay rate of the nucleus, as described in the abstract?",factual
2183394,Helicity and vorticity in heavy-ion collisions at energies available at the JINR Nuclotron-based Ion Collider facility,2022-11-16,"In the context of heavy-ion collisions analyzed by the PHSD transport model, what is the relationship between the Hubble-like expansion and the vortical motion within the fireball?",conceptual
2675599,Symmetry energy and neutron star properties constrained by chiral effective field theory calculations,2023-07-08,"What are the 95% credibility ranges for the symmetry energy <math><msub><mi>S</mi><mi>v</mi></msub></math>, the slope parameter <math><mi>L</mi></math>, and the radius of a <math><mrow><mn>1.4</mn><msub><mi>M</mi><mo>⊙</mo></msub></mrow></math> neutron star, <math><msub><mi>R</mi><mrow><mn>1.4</mn></mrow></msub></math>, according to the study?",factual
2085376,Nuclear weak rates and nuclear weak processes in stars,2022-05-18,"What specific nuclear weak rates, calculated using the USDB Hamiltonian, are applied to study the evolution of O-Ne-Mg cores in stars with 8–10 M<math display=""inline"" id=""d1e1652"" altimg=""si3.svg""><msub><mrow/><mrow><mo>⊙</mo></mrow></msub></math> and their role in nuclear Urca processes?",factual
2828750,Effect of magnetic fields on Urca rates in neutron star mergers,2024-09-14,How do magnetic fields influence neutron decay rates compared to electron-capture rates in the context of Urca processes at temperatures around a few MeV?,factual
2674334,Collision integral with momentum-dependent potentials and its impact on pion production in heavy-ion collisions,2023-07-05,How does the momentum dependence of neutron and proton potentials impact the <math><mrow><mi>N</mi><mi>N</mi><mo>→</mo><mi>N</mi><mi mathvariant=,factual
2687802,Quantification of spin alignment in fission by simultaneous treatment of <math><mi>γ</mi></math> and conversion electron angular distributions,2023-08-14,"How can the statistical tensor formalism be used to simultaneously treat conversion electron and $\gamma$-ray angular distributions for quantifying spin alignment in fission, as demonstrated in this study for $^{252}$Cf?",conceptual
2618185,Emulating ab initio computations of infinite nucleonic matter,2022-12-26,"What new algorithm is developed in this paper to eliminate spurious states when emulating quantum many-body methods based on a non-Hermitian Hamiltonian, and what is the purpose of this algorithm?",factual
2786542,"Relativistic Guiding-Center Motion: Action Principle, Kinetic Theory and Hydrodynamics",2024-05-13,"What are the key theoretical frameworks derived from the relativistic guiding-center action principle in a varying external Maxwell field, and how does the resulting hydrodynamic theory differ from conventional five-equation hydrodynamics?",summary
2168894,Real time evolution and a traveling excitation in SU(2) pure gauge theory on a quantum computer.,2022-10-20,"What novel tool for noise mitigation was introduced in this work, and how does it function?",factual
1847992,Transition in the spectral gap of the massless overlap Dirac operator coupled to abelian fields in three dimensions,2021-02-22,"What are the two phases observed in the low-lying spectrum of the massless overlap Dirac operator coupled to Abelian fields in three dimensions, and how does the vanishing of the gap behave with different measures?",factual
2846313,Modification of the Jet Energy-Energy Correlator in Cold Nuclear Matter,2024-11-07,"What is the analytical expression for the modification of the Energy-Energy Correlator (EEC) as a function of the opening angle, according to the abstract?",factual
1804291,Revisiting the hypertriton lifetime puzzle,2020-07-08,What are the constraints placed on the hypertriton binding energy $B_{\Lambda} (\Lambda^3 H)$ implied by the reported hypertriton lifetimes from the ALICE and STAR collaborations?,factual
1825979,Comparing different density-matrix expansions for long-range pion exchange,2020-10-23,"Which variants of the Density Matrix Expansion (DME) are preferred for approximating exchange energies with long-range one-pion contributions, based on the provided abstract?",factual
2703471,Lattice QCD calculation of the invisible decay J/ψ→γνν,2023-09-27,"What is the branching fraction of the invisible decay $J/	ransform{psi} ightarrow 	ransform{gamma}
uar{
u}$ as calculated by the lattice QCD study presented in the abstract?",factual
2106452,Nuclear many-body effects on particle emission following muon capture on <math><mmultiscripts><mi>Si</mi><mprescripts/><none/><mn>28</mn></mmultiscripts></math> and <math><mmultiscripts><mi>Ca</mi><mprescripts/><none/><mn>40</mn></mmultiscripts></math>,2022-07-06,"What nuclear structure aspects, specifically concerning many-body correlations, are crucial for simultaneously explaining muon capture rates, particle emission spectra, and multiplicities in \(^28\)Si and \(^40\)Ca?",factual
1838631,Towards modeling cluster structure of $^{8}$Be with chiral interaction,2020-12-28,"In the context of the Brink model for $^{8}$Be, what theoretical contributions are identified as dominant attractions in its cluster states, and what role do short-range terms play?",factual
1817482,QED interaction effects on heavy meson masses from lattice QCD+QED,2020-09-16,"What are the derived effective sizes $\langle 1/r_{eff}\rangle^{-1}$ for the $\eta_c$, J/$\psi$, and $D_s$ mesons, and what is the dominant QED interaction term in the nonrelativistic limit?",factual
1810890,Quartic cumulant of baryon number in the presence of a QCD critical point,2020-08-10,What is the predicted nonmonotonic behavior of the quartic cumulant of the baryon number ($\chi_{4B}$) and net-proton kurtosis when the freeze-out curve passes close to the QCD critical point?,factual
2162513,Confinement in QCD: novelties,2022-10-07,"What is the role of monopoles in the dual superconductivity of the QCD vacuum, and how is their creation operator constructed to be gauge-invariant?",conceptual
2057939,Deuteron VVCS and nuclear structure effects in muonic deuterium at N3LO in pionless EFT,2022-03-24,At which orders in pionless effective field theory are the longitudinal and transverse amplitudes for deuteron VVCS calculated in this study?,factual
1804757,Neutron drip line in the deformed relativistic Hartree-Bogoliubov theory in continuum: Oxygen to Calcium,2020-07-02,"How does the inclusion of deformation effects in the deformed relativistic Hartree–Bogoliubov theory in continuum (DRHBc) with the PC-PK1 density functional alter the predicted neutron drip-line location for even-even nuclei with 8 \le Z \le 20, particularly for Ne and Ar isotopes, and how does this compare to the predictions of the spherical relativistic continuum Hartree–Bogoliubov (RCHB) theory?",factual
1968698,Crustal properties of a neutron star within an effective relativistic mean-field model,2021-11-14,What are the three unified EoSs used in the study to reproduce observational data of neutron stars?,factual
2147036,"Has J-PARC E07 observed a <math altimg=""si1.svg""><msubsup><mrow><mi mathvariant=""normal"">Ξ</mi></mrow><mrow><mn>1</mn><mi>s</mi></mrow><mrow><mo linebreak=""badbreak"" linebreakstyle=""after"">−</mo></mrow></msubsup></math> nuclear state?",2022-09-04,"What are the proposed binding energies for the <math altimg=""si1.svg""><msubsup><mrow><mi mathvariant=",factual
1912340,Minimally doubled fermions and topology in 2D,2021-08-26,"How do Karsten-Wilczek and Borici-Creutz fermions, which are minimally doubled lattice fermion actions, perceive the global topological charge $q \in \mathbf{Z}$ of a gauge background $U$ in the two-dimensional Schwinger model without modification?",factual
2849375,What to expect from microscopic nuclear modelling for keff calculations?,2025-10-13,"What is the primary metric used to assess the quality of evaluated nuclear data libraries in criticality-safety systems, according to the abstract?",factual
1876520,Novel Neutron Star Structures with Nucleon Mass Radius,2021-07-03,"According to the abstract, what is the proposed value for the nucleon mass radius and how is it incorporated into the model for the equation of state of nuclear matter?",factual
2963564,Generalized parton distributions from lattice QCD with asymmetric momentum transfer: Unpolarized quarks at nonzero skewness,2025-08-25,"How does the abstract extend the formalism of asymmetric frames of reference for generalized parton distributions (GPDs) to include nonzero skewness, and what is the significance of this extension for lattice QCD calculations?",conceptual
2096310,"Protecting local and global symmetries in simulating <math display=""inline""><mrow><mo stretchy=""false"">(</mo><mn>1</mn><mo>+</mo><mn>1</mn><mo stretchy=""false"">)</mo><mi mathvariant=""normal"">D</mi></mrow></math> non-Abelian gauge theories",2022-06-15,"How does the proposed global symmetry-protection protocol, using the loop-string-hadron formalism, protect local symmetries in (1+1)D SU(2) lattice gauge theories, particularly in the presence of explicit local symmetry violating terms?",conceptual
2841842,High-precision continuum limit study of the HVP short-distance window,2024-10-22,"What is the proposed novel approach to compute the short-distance window of the hadronic vacuum polarization contribution to the muon anomalous magnetic moment, and what are the key computational advantages it offers?",summary
2176704,Review of Gamow-Teller and Fermi Transition Strength Functions,2022-11-03,What is the general trend observed between temperature and the $\log ft$ values in the two-particle-hole model calculations?,factual
2728680,Unveiling Generalized Parton Distributions through the Pseudo-Distribution Approach,2023-11-30,What specific ensemble of fermions and lattice parameters were used to calculate the unpolarized isovector $E$ GPD using the pseudo-distribution approach in the presented study?,factual
1988936,Shape coexistence and neutron skin thickness of Pb isotopes by the deformed relativistic Hartree-Bogoliubov theory in continuum,2021-12-13,"According to the study, what is the energy difference threshold (<math><mrow><mi mathvariant=",factual
3096437,$S$-wave $KN$ scattering in a renormalizable chiral effective field theory,2025-12-31,"What is the sign of the effective range in the $s$-wave $KN$ scattering at next-to-leading order within the covariant chiral effective field theory framework, and how does it compare to earlier phenomenological summaries?",factual
3098815,Benchmarking projected generator coordinate method for nuclear Gamow-Teller transitions,2026-01-08,What specific method is extended in this work to describe Gamow-Teller (GT) transition strengths in even-even nuclei and compute the NME of $2νββ$ decay?,factual
1984722,Nuclear Potentials Relevant to the Symmetry Energy in Chiral Models,2021-12-04,"How do the different scalar fields, derived from extended NJL, linear, and density-dependent models with chiral limits, characterize the Schrödinger-equivalent potentials and kinetic symmetry energy across the entire density region?",factual
2654957,"Gamow shell model description of the radiative capture reaction <math><mrow><mmultiscripts><mi mathvariant=""normal"">B</mi><mprescripts/><none/><mn>8</mn></mmultiscripts><mo>(</mo><mi>p</mi><mo>,</mo><mi>γ</mi><mo>)</mo><mmultiscripts><mi mathvariant=""normal"">C</mi><mprescripts/><none/><mn>9</mn></mmultiscripts></mrow></math>",2022-12-26,"According to the abstract, which transitions dominate the total astrophysical S factor for the \( ^{8}\text{B}(p,\gamma)^{9}\text{C} \) reaction?",factual
3064171,Fragmentation patterns of nuclear response: low-spin giant resonances and soft modes,2025-10-07,What are the two main goals of the theory discussed in the abstract concerning nuclear resonances?,factual
1807887,Probing High-density Symmetry Energy Using Heavy-ion Collisions at Intermediate Energies,2020-07-20,"What new physics, such as nucleon-nucleon short-range correlations and in-medium isospin-dependent baryon-baryon scattering cross section, have been included in the advanced isospin-dependent transport model to probe high-density symmetry energy?",factual
2655837,Impact of isovector pairing fluctuations on neutrinoless double-<math><mi>β</mi></math> decay in multireference covariant density functional theory,2023-05-01,"How do the isovector pairing fluctuations affect the nuclear matrix elements (NMEs) for neutrinoless double-beta (<math><mrow><mn>0</mn><mi>ν</mi><mi>β</mi><mi>β</mi></mrow></math>) decay in the candidate nuclei <math><mmultiscripts><mi>Ge</mi><mprescripts/><none/><mn>76</mn></mmultiscripts><mo>,</mo><mo> </mo><mmultiscripts><mi>Se</mi><mprescripts/><none/><mn>82</mn></mmultiscripts><mo>,</mo><mo> </mo><mmultiscripts><mi>Mo</mi><mprescripts/><none/><mn>100</mn></mmultiscripts><mo>,</mo><mo> </mo><mmultiscripts><mi>Te</mi><mprescripts/><none/><mn>130</mn></mmultiscripts></math>, and <math><mmultiscripts><mi>Xe</mi><mprescripts/><none/><mn>136</mn></mmultiscripts></math> within the MR-CDFT framework?",factual
2974301,Exploring parameter dependence of heavy-flavor dynamics in small collision systems,2025-09-27,"How does the contribution of initial-state effects, specifically the Cronin and shadowing effects, influence the nuclear modification factor ($R_{pPb}$) and elliptic flow ($v_2$) of D mesons in 8.16 TeV $p$-Pb collisions, when considering different assumptions for final-state interactions?",factual
2737639,A strategy for B-physics observables in the continuum limit,2023-12-15,"What is the strategy proposed for obtaining heavy-light observables for masses between $m_{m charm}$ and $m_{m bottom}$, particularly concerning the order of continuum extrapolation and interpolation in $1/m_h$?",factual
2757541,Examination of the <math><mrow><mi>ϕ</mi><mtext>-</mtext><mi>N</mi><mi>N</mi></mrow></math> bound-state problem with lattice QCD <math><mrow><mi>N</mi><mtext>-</mtext><mi>ϕ</mi></mrow></math> potentials,2024-02-10,What is the ground state binding energy and matter radius of the <math><mrow><mrow><mo>(</mo><mi>I</mi><mo>)</mo></mrow><msup><mi>J</mi><mi>π</mi></msup><mo>=</mo><mrow><mo>(</mo><mn>0</mn><mo>)</mo></mrow><msup><mn>2</mn><mo>−</mo></msup><mspace width=,factual
2056812,On the behaviour of the interquark potential in the vicinity of the deconfinement transition,2022-03-22,How does the behavior of the interquark potential near the deconfinement transition relate to the Effective String Theory (EST)?,conceptual
1843942,Dispersive analysis of low energy $\gamma^* N\rightarrow\pi N$ process,2021-01-28,"What approximations are made in the dispersion representation for the low energy $\gamma^* N\rightarrow\pi N$ process in the S11 channel, particularly concerning the left-hand and right-hand parts of the partial wave amplitude?",conceptual
3084735,Resolving the PREX-CREX puzzle in covariant density functional theory,2025-11-19,"How can the PREX-CREX puzzle be resolved within covariant density-dependent point-coupling density functional theory, and what is the key mechanism identified by a nonrelativistic reduction?",conceptual
2155124,Microscopic description of the torque acting on fission fragments,2022-09-21,"According to the study, what are the two fission channels of \( ^{240}\text{Pu} \) that are investigated, and what types of fragment shapes do they encompass?",factual
1863043,Nucleon decay in the deuteron,2021-05-12,"What is the expected level of contribution from the first nuclear correction to the deuteron decay rate, and what does it depend on?",factual
2646074,"SU(2) gauge theory in <math display=""inline""><mrow><mn>2</mn><mo>+</mo><mn>1</mn></mrow></math> dimensions on a plaquette chain obeys the eigenstate thermalization hypothesis",2023-03-24,What specific truncation level for link variables is used to map the SU(2) gauge theory in 2+1 dimensions onto a quantum spin chain?,factual
3093524,On the nature of the QCD chiral phase transition with imaginary chemical potential,2025-12-17,"What is the observed behavior of first-order chiral phase transition regions in lattice QCD with fixed imaginary baryon chemical potential and diminishing lattice spacing, according to the study?",factual
1894380,Estimating Microscopic Nuclear Data by Compact Star Observations,2021-07-26,"What are the estimated average Landau mass ($m_L$) and compressibility ($K$) for compact stars based on the extended $\sigma-\omega$ model and observations of pulsars PSR J0740+6620, PSR J0348+0432, and PSR J1614–2230?",factual
2964515,$ΞNN$ three-baryon force from SU(3) chiral effective field theory: A femtoscopic study,2025-08-28,"What is the maximum effect of the $ΞNN$ three-baryon force on the deuteron-$Ξ^-$ correlation function, and why is it limited?",factual
1818036,"New equations of state constrained by nuclear physics, observations, and QCD calculations of high-density nuclear matter",2020-09-18,"What types of astrophysical simulations can benefit from the new equations of state presented in the abstract, and what specific nuclear physics and QCD calculations are used to constrain these equations of state?",summary
2699625,Masses of the conjectured H-dibaryon at different temperatures*,2023-09-18,What is the estimated mass difference between the H-dibaryon and the $\Lambda$ pair at $T = 0.76$?,factual
2917193,Relativistic orbital-free kinetic energy density functional for one-particle nuclear systems,2025-05-01,"What are the two types of densities that the relativistic kinetic energy is expressed as a functional of in the context of one-particle nuclear systems in one dimension, according to the abstract?",factual
2796448,Wavefunction matching for solving quantum many-body problems,2022-10-31,"What is the core idea behind the 'wavefunction matching' approach introduced in the abstract, and what problem does it aim to solve in quantum many-body calculations?",conceptual
2731349,2023 update of $\varepsilon_K$ with lattice QCD inputs,2023-11-20,What is the tension level between the Standard Model theory and experiment for $|\varepsilon_K|$ when using exclusive $|V_{cb}|$ and lattice QCD inputs?,factual
1838645,$^{19}$B isotope as a $^{17}$B-n-n three-body cluster close to unitary limit,2020-12-24,"How is the $^{19}$B isotope described in the abstract, and what are the properties of its two-body subsystems?",factual
2878297,"Constraints on axionlike particles using lattice QCD calculations of the rate for <math display=""inline""><mi>J</mi><mo>/</mo><mi>ψ</mi><mo stretchy=""false"">→</mo><mi>γ</mi><mi>a</mi></math>",2025-02-10,"What is the primary search mode for axionlike particles (ALPs) that couple to charm quarks, and how does this paper calculate the relevant form factor for determining its rate?",factual
2691843,Impact of quadrupole deformation on intermediate-energy heavy-ion collisions,2023-08-29,"How do centrality and orientation impact final-state particle multiplicities and anisotropic flows in intermediate-energy heavy-ion collisions between prolate \( \mmultiscripts\text{Mg} \) nuclei, according to the isospin-dependent Boltzmann-Uehling-Uhlenbeck model?",factual
1798905,Minimal Theory of Isomerism -Q.Q and Other Interactions,2020-05-31,"What type of interaction is primarily used in the initial shell model calculations described in the abstract, and what is its predictive capability regarding nuclear isomerism?",factual
2784699,Chiral magnetic effect in heavy ion collisions: The present and future,2024-05-08,"What fundamental interplay gives rise to the chiral magnetic effect (CME), and what range of physical systems does it encompass?",conceptual
2864325,Unexpected Rise in Nuclear Collectivity from Short-Range Physics,2024-12-31,How do two opposing S-wave contact couplings influence quadrupole collectivity in low-lying states of \(^6\text{Li}\) and \(^12\text{C}\) according to the abstract?,factual
1865786,"Benchmarking Many-body Approaches for the Determination of Isotope Shift Constants: Application to the Li, Be$^+$ and Ar$^{15+}$ Isoelectronic Systems",2021-05-27,"What is the primary focus of this research regarding isotope shift (IS) constants for Li, Be$^+$, and Ar$^{15+}$ isoelectronic systems?",summary
2801530,Revisiting the nuclear magnetic octupole moment,2024-06-24,"How is the nuclear magnetic octupole moment ($\Omega$) examined in the context of the nuclear collective model, and what coupling schemes are included in this examination?",factual
2721835,Relativistic corrections to the static potential from generalized Wilson loops at finite flow time,2023-11-11,"What order of relativistic corrections to the static potential are computed in this project, and from what observables are they extracted?",factual
2835974,Vector interaction bounds in NJL-like models from LQCD estimated curvature of the chiral crossover line,2024-10-01,What role do flavor mixing effects from flavor-independent vector interactions and the 't Hooft interaction play in $\kappa _2^B$?,conceptual
1969361,Hydrodynamization times of a holographic fluid far from equilibrium,2021-11-16,"For the ensemble of far-from-equilibrium solutions of the <math display=""inline""><mi mathvariant=""script"">N</mi><mo>=</mo><mn>4</mn></math> supersymmetric Yang-Mills plasma undergoing Bjorken flow, what is the approximate relationship between the hydrodynamization time associated with the pressure anisotropy's convergence to the hydrodynamic attractor and the hydrodynamization time associated with the Navier-Stokes result, given typical tolerances between 3% to 5%?",factual
2803925,Scattering amplitudes from Euclidean correlators: Haag-Ruelle theory and approximation formulae,2024-07-02,What theoretical problem does this work aim to solve regarding scattering amplitudes and Euclidean correlators?,factual
1999630,Bootstrapping the deuteron,2022-01-03,"In the context of low-energy nuclear physics, how is the deuteron solved using the bootstrap method as described in the abstract, and what fundamental quantum mechanical requirement is exploited?",factual
2905633,Superheavy Nuclei and the Changing Face of Nuclear Magicity,2025-03-28,What is the sequence of magic numbers identified for superheavy nuclei in the mass region of $^{318}{120}$ according to the abstract?,factual
2612877,The influence of gauge field smearing on discretisation effects,2022-12-07,"How do Creutz ratios, calculated using smeared gauge fields, serve as observables to investigate the effect of smearing on lattice Dirac operators, considering their insensitivity to renormalization and their measurement of physical forces felt by fermions?",conceptual
2922446,Study of the hottest droplet of fluid through correlations and fluctuations of collective variables,2025-05-19,How do factorization-breaking coefficients between flow vectors in different $p_T$-bins help in probing the fluctuations of harmonic flow?,conceptual
2858744,Topological data analysis of the deconfinement transition in SU(3) lattice gauge theory,2024-12-12,What specific topological measures are analyzed in the SU(3) lattice gauge theory to study the confinement-deconfinement transition?,factual
2841502,Regulator-independent equations of state for neutron stars generated from first principles,2024-10-18,"What are the resulting restricted intervals for the symmetry energy ($S_0$) and its slope ($L$) at the 68% confidence level, as obtained from the band of equations of state generated in the study?",factual
2804150,Quasiparticle random-phase approximation in valence spaces: The case of magnetic dipole transitions,2023-12-18,"According to the abstract, what is the main reason ascribed to the problems encountered in the zero- and finite-temperature QRPA calculations when describing the low-energy enhancement of the M1 strength function?",factual
3085274,Understanding Xe isotopes near <math><mrow><mi>A</mi><mo>=</mo><mn>130</mn></mrow></math> through the prolate oblate shape-phase transition,2025-12-10,"What type of modes characterize the novel $\gamma$-soft behavior observed near the shape phase transition (SPT) in Xe isotopes near $A=130$, and what are their associated quadrupole moments?",factual
2610512,A Kohn-Sham scheme based neural network for nuclear systems,2022-12-05,What type of density functional theory was used to generate the training set for the Kohn-Sham scheme based neural network?,factual
2668018,"Dynamics of the <math display=""inline""><mi>O</mi><mo stretchy=""false"">(</mo><mn>4</mn><mo stretchy=""false"">)</mo></math> critical point in QCD: Critical pions and diffusion in model G",2023-06-12,"How does the pion velocity below the <math display=""inline""><mi>O</mi><mo stretchy=""false"">(4)</mi></math> critical point relate to the predictions of static universality and the dynamical critical exponent <math display=""inline""><mi>ζ</mi></math> of model G?",factual
2159366,Preformation probability and kinematics of cluster emission yielding Pb-daughters*,2022-10-03,"What is the relationship between the preformation probability ($P_{pre}$) and the daughter nucleus's shell closure, specifically comparing Pb isotopes?",factual
1851389,The de Sitter Instanton from Euclidean Dynamical Triangulations,2021-03-11,"How does the de Sitter Instanton emerge in Euclidean Dynamical Triangulations (EDT) within the semi-classical approximation, and what is the significance of relating lattice parameters to the partition function of Euclidean quantum gravity?",conceptual
2618629,Correlation between the nuclear structure and reaction dynamics of Ar-isotopes as projectile using the relativistic mean-field approach,2022-12-27,"Which neutron shell closures are conspicuously revealed and weakly shown in the <sup loc=""post"">30−60</sup>Ar isotopes, according to the relativistic mean-field approach with the NL3<sup>*</sup> parameter set?",factual
2822738,"X17 boson and the <math><mrow><mmultiscripts><mi mathvariant=""normal"">H</mi><mprescripts/><none/><mn>2</mn></mmultiscripts><mo>(</mo><mi>p</mi><mo>,</mo><msup><mi>e</mi><mo>+</mo></msup><msup><mi>e</mi><mo>−</mo></msup><mo>)</mo><mmultiscripts><mi>He</mi><mprescripts/><none/><mn>3</mn></mmultiscripts></mrow></math> and <math><mrow><mmultiscripts><mi mathvariant=""normal"">H</mi><mprescripts/><none/><mn>2</mn></mmultiscripts><mo>(</mo><mi>n</mi><mo>,</mo><msup><mi>e</mi><mo>+</mo></msup><msup><mi>e</mi><mo>−</mo></msup><mo>)</mo><mmultiscripts><mi mathvariant=""normal"">H</mi><mprescripts/><none/><mn>3</mn></mmultiscripts></mrow></math> processes: A theoretical analysis",2024-08-29,What are the specific nuclear processes being analyzed in the abstract concerning the production of \(e^+\) and \(e^-\)?,factual
2157225,Bayes goes fast: Uncertainty Quantification for a Covariant Energy Density Functional emulated by the Reduced Basis Method,2022-09-26,What is the speedup factor achieved by the reduced basis method (RBM) emulator compared to the original solver for the covariant energy density functional?,factual
2841484,Quark mass effects in octet baryon magnetic polarizabilities via lattice QCD,2024-10-21,How does increasing the mass of a charged quark flavor affect its contribution to the magnetic polarizability in the context of the described lattice QCD approach?,factual
2966903,"<math display=""inline""><mi>ρ</mi></math>-meson nucleon scattering length from CLAS threshold photoproduction measurements",2025-09-04,"According to the abstract, how does the resulting $\rho N$ scattering length compare in size to the hadron's size and the phenomenological determination of the $\omega$ nucleon scattering length?",factual
2686236,Multiscale Imaging of Nuclear Deformation at the Electron-Ion Collider,2023-03-08,How does the color glass condensate framework show that exclusive vector meson production is sensitive to the geometric deformation of the target nucleus at high energy?,factual
1809824,Chiral properties of (2+1)-flavor QCD in strong magnetic fields at zero temperature,2020-08-02,What is the observed behavior of the masses of charged pion and kaon in the presence of a background magnetic field according to the study?,factual
2870945,Some insights on the partonic collectivity in heavy-ion collisions,2025-01-20,"What collision energy range is associated with the breakdown of Number of Constituent Quarks (NCQ) scaling and potentially negative $v_2$ values in heavy-ion collisions, according to the abstract?",factual
2671221,Converging many-body perturbation theory for ab-initio nuclear structure: Brillouin-Wigner perturbation series for closed-shell nuclei,2023-06-23,"What specific type of perturbation theory is used in the abstract for nuclear many-body calculations, and what is the primary goal of exploring its convergence aspects for closed-shell nuclei?",factual
2012835,Angular-momentum projection in coupled-cluster theory: Structure of <math><mmultiscripts><mi>Mg</mi><mprescripts/><none/><mn>34</mn></mmultiscripts></math>,2022-01-18,What methods are employed in the abstract to restore rotational invariance and angular momentum as a good quantum number for open-shell nuclei within coupled-cluster theory?,factual
2862624,Fermionic equations of motion in strongly-correlated media: applications to the nuclear many-body problem,2024-12-24,"What is the pedagogical focus of the lectures summarized in the abstract, concerning the description of nuclear dynamics?",conceptual
2086377,Resonance form factors from finite-volume correlation functions with the external field method,2022-05-23,What is the proposed method for extracting resonance form factors of unstable particles on the lattice?,factual
2711740,"Optical potentials and nuclear reaction cross sections for <math><mrow><mi>n</mi><mtext>-</mtext><mmultiscripts><mi mathvariant=""normal"">C</mi><mprescripts/><none/><mn>12</mn></mmultiscripts></mrow></math> and <math><mrow><mi>N</mi><mtext>-</mtext><mmultiscripts><mi mathvariant=""normal"">C</mi><mprescripts/><none/><mn>12</mn></mmultiscripts></mrow></math> scattering",2023-10-21,How does the energy dependence of the total cross sections for $n \text{-} \text{^{12}C}$ scattering compare when using a previously derived $n \text{-} \text{^{9}Be}$ optical potential versus a standard optical model calculation?,factual
2180375,Structure and reaction studies of $Z=120$ isotopes using non-relativistic and relativistic mean-field formalisms,2022-11-10,"What specific neutron numbers ($N$) are identified as potential shell or sub-shell closures for $Z=120$ isotopes according to the E-RMF and SHF approaches, and how do these relate to the peaks observed in the symmetry energy?",factual
2691256,Production of Various Elements in Ultraperipheral $^{208}$Pb–$^{208}$Pb Collisions at the LHC,2023-08-27,"What is the dominant mechanism for neutron emission in ultraperipheral collisions (UPCs) of $^{208}$Pb nuclei, and how does the RELDIS model contribute to understanding photonuclear reactions in these collisions?",conceptual
2619255,Global angular momentum generation in heavy-ion reactions within a hadronic transport approach,2022-12-29,"According to the abstract, what experimental measurement by the STAR collaboration provided the first evidence of vorticity in the quark-gluon plasma?",factual
3088955,Astrophysical Reaction Rates for Charged-Particle Induced Reactions on Proton-Rich Nuclides,2025-12-02,"What is the primary focus of the reaction rate calculations presented in the abstract, and what types of particles are involved?",factual
2616943,Towards precision charm physics with a mixed action,2022-12-21,"What methodology is employed in this study to compute the charm quark mass and D and Ds decay constants, and what specific fermion formulation is utilized?",factual
2954421,Adressing the pΩ- interaction and di-baryonic states via femtoscopy,2025-07-25,What is the binding energy of the bound state favored in the \({}^5S_2\) channel for the p$Ω^-$ system according to the presented model?,factual
1797629,"Scattering Observables from One- and Two-Body Densities: Formalism and Application to $\gamma\,{}^3$He Scattering",2020-05-25,"What is the primary advantage of the transition-density formalism for calculating external probe interactions with light nuclei, as described in the abstract?",conceptual
2899792,Improved honeycomb and hyperhoneycomb lattice Hamiltonians for quantum simulations of non-Abelian gauge theories,2025-03-12,"What is the order of improvement for the honeycomb lattice Hamiltonian, and what method is used for quantum improvements?",factual
2035594,"Signature of a Doubly Charm Tetraquark Pole in <math display=""inline""><mi>D</mi><msup><mi>D</mi><mo>*</mo></msup></math> Scattering on the Lattice",2022-02-21,What is the scattering amplitude of the doubly charm tetraquark with flavor $c c \bar{u} \bar{d}$ and isospin $I=0$ investigated by calculating the $D D^*$ scattering amplitude with lattice QCD?,factual
1850763,A proposed solution for the lifetime puzzle of the 229mTh+ isomer,2021-03-08,What are the two main aspects of the proposed solution for the thorium puzzle concerning the lifetime of the 229 Th nuclear isomer?,summary
2152924,Finite particle-number description of symmetric nuclear matter with spin excitations of high-momentum pairs induced by the tensor force,2022-09-16,What method is used in the abstract to treat short-range correlations?,factual
2953412,Probing <math><mrow><mi>ϕ</mi><mi>N</mi></mrow></math> interaction through bound states of the <math><mrow><mi>ϕ</mi><mi>N</mi><mtext>-</mtext><mi>α</mi></mrow></math> system,2025-07-22,What binding energy range for the <math><mrow><mi>ϕ</mi><mi>N</mi><mtext>-</mtext><mi>α</mi></mrow></math> system is predicted when only single-channel <math><mrow><mi>ϕ</mi><mi>N</mi></mrow></math> interactions are considered?,factual
2150441,Microscopic aspects of <math><mi>γ</mi></math> softness in atomic nuclei,2022-09-10,"In the context of the triaxial projected shell model approach, what causes the transition from a $\gamma$-rigid to a $\gamma$-soft pattern in atomic nuclei?",conceptual
2851198,Lattice gradient flows (de-)stabilizing topological sectors,2024-11-22,"How do the Iwasaki and DBW2 gauge actions, when compared to Wilson and tree-level Symanzik flows, affect the stabilization of topological sectors in SU(2) Wilson gauge theory at \( \beta = 2.45 \) and \( L^4 = 12^4 \)?",factual
2865286,Parity-Doubled Nucleons Can Rapidly Cool Neutron Stars,2025-01-03,"What direct Urca decay process involving the $N_{-}(1535)$ nucleon state can occur in a cold, dense hadronic phase where chiral symmetry remains spontaneously broken?",factual
2818235,A complex scaling method for efficient and accurate scattering emulation in nuclear reactions,2024-08-15,What is the main advantage of the novel scattering emulator presented in the abstract that utilizes the complex scaling method for nuclear reaction analysis?,conceptual
1802507,Isospin-density dependent pairing from infinite nuclear matter to finite nuclei,2020-06-23,"How well does the isospin-density dependent pairing interaction P1 describe the odd-even mass staggering of Ni, Zr, and Sn isotopes compared to interaction P2, in terms of root mean square deviations?",factual
1856074,"The ""Folk Theorem"" on Effective Field Theory: A Case for Nuclear Physics",2021-04-05,"What is the role of hidden local and scale symmetries in nuclear physics, as suggested by Gerry Brown's conceptual ideas after the ""dilepton fiasco""?",conceptual
2635448,Recombination of <math><msub><mi>B</mi><mi>c</mi></msub></math> mesons in ultrarelativistic heavy-ion collisions,2023-02-22,"What are the two primary transport parameters used in the approach to evaluate the kinetics of B<sub>c</sub> mesons in heavy-ion collisions, and how are they determined?",factual
2102283,"Microscopic calculation of the β− decays of 151Sm, 171Tm, and 210Pb with implications to detection of the cosmic neutrino background",2022-06-28,"What nuclear models were used to compute the transition nuclear matrix elements (NMEs) for the $\beta^{-}$ decays of $^{151}$Sm, $^{171}$Tm, and $^{210}$Pb?",factual
2766197,Signatures of an $\alpha $ + core structure in $^{44}$Ti + $^{44}$Ti collisions at $\sqrt{s_{NN}}=5.02$ TeV by a multiphase transport model,2024-03-07,"Which of the observed observables, specifically elliptic flow, is identified as the most promising probe for detecting $\alpha +$ core structures in $^{44}$Ti + $^{44}$Ti collisions at $\sqrt{s_{NN}}=5.02$ TeV, according to the multiphase transport model simulation?",factual
2156457,Determination of Lattice QCD Equation of State at a Finite Chemical Potential,2022-09-24,"What is a promising alternative scheme to the Taylor expansion for circumventing the fermion sign problem at finite baryon chemical potential $\mu _B$, and what are its limitations?",factual
2650034,Multijet topology in high-energy nuclear collisions: Jet broadening,2023-04-10,"How does the jet broadening distribution in PbPb collisions compare to that in pp collisions at $\sqrt{s_{NN}} = 5.02$ TeV, and what is the proposed interpretation of this comparison?",summary
3070426,Hydrodynamization and thermalization in heavy-ion collisions: a kinetic theory perspective,2025-10-16,"What conditions are studied in the kinetic theory approach to analyze hydrodynamization and thermalization in heavy-ion collisions, specifically regarding deviations from local equilibrium?",conceptual
2728685,Finite-volume scattering on the left-hand cut,2023-11-30,"What is the limitation of the standard two-particle finite-volume scattering formalism derived by Lüscher when dealing with energies far below the two-particle threshold, and how does the extended formalism address this limitation by including the nearest branch cut?",conceptual
2849173,Properties of a kaon-condensed phase in hyperon-mixed matter with three-baryon forces,2024-11-15,How does the slope $L$ of the symmetry energy influence the equation of state and the onset of kaon condensation in hyperon-mixed matter?,conceptual
2949363,Benchmarking dynamical correlation energies in odd-mass chromium isotopes,2024-09-18,How do the phenomenological estimates of rotational correction energy (RCE) and vibrational correction energy (VCE) compare to results obtained from quantum-number projected-generator coordinate method (PGCM) calculations based on covariant density-functional theory for odd-mass chromium isotopes?,factual
2915575,Equation of state and Fermi liquid properties of dense matter based on chiral effective field theory interactions,2025-04-25,"What nuclear matter properties, including the incompressibility and symmetry energy, are extracted from the many-body-perturbation theory (MBPT) calculations presented in the abstract, and what methods are discussed for estimating theoretical uncertainties?",factual
2693889,Neural network solutions of bosonic quantum systems in one dimension,2023-09-05,"What type of quantum systems were studied in this paper, and what dimension were they in?",factual
2790363,Four-nucleon clustering near the QCD critical point: theory versus experiment,2024-05-26,How do the RHIC BES-II experimental data on multi-baryon fluctuations compare to previous theoretical predictions regarding four-nucleon clustering near the QCD critical point?,factual
2941942,Application of the microscopic optical potential of chiral effective field theory in astrophysical neutron-capture reactions,2025-07-03,"What is the key finding regarding the isospin dependence of the Whitehead, Lim, and Holt (WLH) potential when applied to astrophysical neutron-capture reactions for neutron-rich nuclei?",conceptual
2678715,"Two-Pole Nature of the <math display=""inline""><mi mathvariant=""normal"">Λ</mi><mo stretchy=""false"">(</mo><mn>1405</mn><mo stretchy=""false"">)</mo></math> resonance from Lattice QCD",2023-07-19,"What are the quantum numbers for the $\Lambda(1405)$ resonance, and what is the controversy surrounding its pole structure?",conceptual
2705366,Lattice studies of Sp(2N) gauge theories using GRID,2023-10-03,"What specific Sp(2N) gauge theory is studied as a case-study in the abstract, and what type of fermions are used in this study?",factual
2826938,Quantum computing for extracting nuclear resonances,2024-09-10,"How does the combination of quantum computing and the complex scaling method address the challenge of extracting nuclear resonances, particularly concerning the non-Hermiticity introduced by complex scaling and the need for unitary operators?",conceptual
2613254,Spectral function of the <math><msup><mi>η</mi><mo>′</mo></msup></math> meson in nuclear medium based on phenomenological models,2022-12-11,What are the two phenomenological models used in the study of the spectral function of the $\eta^{\prime}$ meson in a nuclear medium?,factual
2650776,Variational Monte Carlo algorithm for lattice gauge theories with continuous gauge groups: A study of <math><mo>(</mo><mn>2</mn><mo>+</mo><mn>1</mn><mo>)</mo></math>-dimensional compact QED with dynamical fermions at finite density,2023-04-12,"What are the two main components of the variational ansatz proposed in the paper for lattice gauge theories with continuous gauge groups, and how are they designed to be tractable and gauge-invariant?",conceptual
2166732,"Gluon parton distribution of the nucleon from (<math display=""inline""><mrow><mn>2</mn><mo>+</mo><mn>1</mn><mo>+</mo><mn>1</mn></mrow></math>)-flavor lattice QCD in the physical-continuum limit",2022-10-18,What type of lattice ensembles and quark flavors were used in this study to calculate the nucleon gluon distribution?,factual
2130091,Does a Quark-Gluon Plasma Feature an Extended Hydrodynamic Regime?,2022-08-01,"Under what conditions does a quark-gluon plasma (QGP) exhibit an extended hydrodynamic regime (EHR), and which theoretical frameworks support this phenomenon?",conceptual
1893480,A new empirical formula for α-decay half-life and decay chains of Z = 120 isotopes,2021-07-27,"What are the two new empirical formulas proposed in the abstract for alpha-decay half-life, and what are their key characteristics in terms of the number of coefficients and their effectiveness?",factual
2039984,Time-dependent generator coordinate method study of fission: Dissipation effects,2022-02-28,"How does the time-dependent generator coordinate method (TDGCM) incorporate dissipation effects in the study of induced fission dynamics, and what is the nature of the resulting Schrödinger-like equation?",conceptual
2660207,Configuration mixing and intertwined quantum phase transitions in odd-mass niobium isotopes,2023-05-16,What are the neutron numbers around which both Type I and Type II quantum phase transitions occur in odd-mass niobium isotopes according to the abstract?,factual
1891412,Calculation of kinetic parameters $\beta_{\mathit{eff}}$ and $\Lambda$ with modified open source Monte Carlo code OpenMC(TD),2021-07-16,What methods does OpenMC(TD) employ to calculate the effective delayed neutron fraction ($eta_{eff}$) and neutron generation time ($\Lambda$)?,factual
2920203,Half-vortex states in the rotating outer core of neutron stars,2025-05-10,"How do half-vortex states in the rotating outer core of neutron stars give rise to hydrodynamic perturbations in the coexisting neutron superfluid, according to the generalized hydrodynamic model used?",conceptual
2022390,Predictions of \(\alpha \)-decay Half-lives for Neutron-deficient Nuclei with the Aid of Artificial Neural Network,2022-01-31,Which nuclear potential models were used to calculate the \(\\alpha \)-decay half-lives for neutron-deficient nuclei in this study?,factual
2037628,Ab initio informed evaluation of the radiative capture of protons on 7Be,2022-02-23,"What is the evaluated S-factor for the 7Be(p,gamma)8B reaction at zero energy, and what is its associated uncertainty?",factual
2092599,Triaxiality-induced monopole-quadrupole-hexadecupole coupling in the isoscalar giant resonances of <math><mmultiscripts><mi>Ge</mi><mprescripts/><none/><mn>86</mn></mmultiscripts></math>,2022-06-07,"In the context of the isoscalar giant resonances of ${}^{86}$Ge, what type of coupling, beyond the standard monopole-quadrupole coupling, is identified in this neutron-rich triaxially deformed nucleus, and what impact does it have on the monopole strength function?",factual
2859377,Towards the phase diagram of fermions coupled with $SO(3)$ quantum links in (2 + 1)−D,2024-12-12,What key properties of QCD and nuclear physics were previously shown by studies of the SO(3) QLM coupled to adjoint fermionic matter in (1+1)D?,factual
2616948,Direct access to hadronic decay parameters with twisted boundary conditions,2022-12-21,What decay process is being studied in this exploratory study to gain direct access to the resonant hadronic transition amplitude?,factual
3081321,Chiral Anomaly of Kogut-Susskind Fermion in (3+1)-dimensional Hamiltonian formalism,2025-11-09,"In the context of the (3+1)-dimensional Hamiltonian formalism for Kogut-Susskind fermions, how is the axial charge $Q_A$ defined, and what are its properties regarding its relation to the vector charge and quantization in a generalized Onsager algebra?",factual
2907588,Complex Langevin simulations of supersymmetric theories,2025-04-03,"What are some of the specific models and theories that the Complex Langevin Method (CLM) has been applied to, as mentioned in the review?",factual
3089298,A Quarkyonic Quark-Meson Coupling Model for Nuclear and Neutron Matter,2025-12-04,"How does the quark saturation density in symmetric nuclear matter depend on the root-mean-square radius of the proton ($r_p$), according to the quarkyonic quark-meson coupling (QQMC) model?",factual
2622253,Phase Transitions in Particle Physics,2023-01-11,What are the key areas of investigation for ab initio Lattice Field Theory methods in studying phase transitions in the non-perturbative regime of Quantum Chromo-Dynamics under extreme conditions?,factual
1862601,Entanglement generation in (1+1)D QED scattering processes,2021-05-07,"What are the two distinct regimes identified for the asymptotic entanglement between outgoing mesons in (1+1)D QED scattering processes, and how does entanglement behave in each regime?",factual
2047098,Neural network approach to reconstructing spectral functions and complex poles of confined particles,2022-03-07,"What are the challenges in reconstructing spectral functions from propagator data, and how can neural networks potentially address these challenges according to the abstract?",conceptual
2637926,Realistic evaluation of the Coulomb potential in spherical nuclei and a test of the traditional approach,2023-03-01,"What is the typical magnitude of energy differences in proton single-particle energies due to deviations from model-independent charge density data when using a Woods-Saxon potential, and under what specific conditions can these differences become considerably larger?",factual
2122288,Dynamical development of proton cumulants and correlation functions in Au+Au collisions at $\sqrt{s_{NN}} = 7.7$GeV from a multiphase transport model,2022-07-24,"According to the abstract, what experimental data does the AMPT model used in this study align with for proton and net-proton cumulants and correlation functions in Au+Au collisions at $\sqrt{s_{NN}} = 7.7$ GeV?",factual
2719762,"Study of the pion-mass dependence of <math display=""inline""><mi>ρ</mi></math>-meson properties in lattice QCD",2023-11-07,"In the context of studying <math display=""inline""><mi>ρ</mi></math>-meson properties in lattice QCD with varying pion masses (<math display=""inline""><msub><mi>m</mi><mi>π</mi></msub></math>), how does the coupling constant and cutoff mass characterizing the <math display=""inline""><mi>ρ</mi><mo>-</mo><mi>π</mi><mi>π</mi></math> vertex depend on <math display=""inline""><msub><mi>m</mi><mi>π</mi></msub></math> according to the analysis using Hamiltonian effective field theory (HEFT)?",factual
2007860,QED with massive photons for precision physics: zero modes and first result for the hadron spectrum,2022-01-10,What is the proposed method for introducing electromagnetic corrections in lattice QCD calculations of low-energy hadronic observables and how is the infrared regulator handled?,conceptual
2646909,Schematic model for induced fission in a configuration-interaction approach,2023-03-29,"In the schematic model for induced fission, which component of the residual nucleon-nucleon interaction has the most significant impact on the fission reaction probability?",factual
1800375,Constraining isovector nuclear interactions with giant resonances within a Bayesian approach,2020-06-09,What are the stringent constraints placed on the isovector nuclear interactions within the Skyrme-Hartree-Fock model from the centroid energy ($E_{-1}$) of the isovector giant dipole resonance in $^{208}$Pb and its electric polarizability ($\alpha_D$)?,factual
1912356,Systematic study of Nuclear matter finite nuclei to neutron star,2021-08-26,What types of nuclei and nuclear matter properties are studied in this thesis using an effective field theory motivated relativistic mean-field model?,factual
2615988,Asymptotic lattice spacing dependence of spectral quantities in lattice QCD with Wilson or Ginsparg-Wilson quarks,2022-12-19,"What form do the continuum extrapolation corrections take in lattice QCD, and how are the values of $\hat{\Gamma}_i$ determined?",factual
1820834,Coriolis contribution to excited states of odd-mass nuclei with different deformation-dependent mass coefficients,2020-10-28,"What specific odd-mass nuclei are investigated in this study regarding their band structure, considering the Coriolis interaction and deformation-dependent mass formalism?",factual
1827479,Low-energy dipole excitation mode in $^{18}$O with antisymmetrized molecular dynamics,2020-11-02,"What are the dominant structural components of the two low-energy dipole (LED) states, the $1^-$ and $1^-$ states, in $^{18}$O as determined by antisymmetrized molecular dynamics?",factual
2947370,<math><mrow><mi>M</mi><mn>1</mn></mrow></math> dipole strength from projected generator coordinate method calculations in the <math><mrow><mi>s</mi><mi>d</mi></mrow></math>-shell valence space,2025-07-16,"How well do the projected generator coordinate method (PGCM) calculations, using the USDB shell-model interaction within the sd-shell valence space, reproduce the exact diagonalization results for the energies and M1 transition strengths of the lowest excited $1^+$ states in even-even nuclei?",factual
2632999,"Heavy Quark Diffusion from <math display=""inline""><mrow><mn>2</mn><mo>+</mo><mn>1</mn></mrow></math> Flavor Lattice QCD with 320 MeV Pion Mass",2023-02-16,What is the relationship between the heavy quark spatial diffusion coefficient and temperature ($195\text{ MeV} < T < 352\text{ MeV}$) according to the presented lattice QCD calculations?,factual
2865287,Non-perturbative calculations of nuclear matter using in-medium similarity renormalization group,2025-01-05,What are the orders of chiral two- and three-nucleon forces that can be used in the developed In-Medium Similarity Renormalization Group (IMSRG) method for ab initio calculations of infinite nuclear matter?,factual
1863521,Matrix-Product State Approach to the Generalized Nuclear Pairing Hamiltonian,2021-05-14,What is the computational cost comparison between the matrix-product state (MPS) approach using the density-matrix renormalization group (DMRG) algorithm and the Bardeen-Cooper-Schrieffer (BCS) approach for describing atomic nuclei with the generalized nuclear pairing Hamiltonian?,factual
1798654,Constraining hadron-quark phase transition parameters within the quark-mean-field model using multimessenger observations of neutron stars,2020-06-01,"How does the nuclear symmetry energy slope parameter, $L$, influence the properties of hybrid stars, specifically their maximum mass ($M_{\text{max}}$) and the radius of a typical 1.4 $M_{\odot}$ star ($R_{1.4}$), within the quark-mean-field model incorporating a hadron-quark phase transition?",conceptual
2971954,Hypernuclear structure with a new leading-order covariant chiral hyperon-nucleon force,2025-09-21,What theoretical framework and interaction were used to study single-<math><mi mathvariant=,factual
2623774,Low-energy constants in the chiral Lagrangian with baryon octet and decuplet fields from Lattice QCD data on CLS ensembles,2023-01-17,"What value is extracted for the pion-nucleon sigma term, $\sigma _{\pi N}$, from the CLS data set according to the abstract?",factual
2845504,Rotating Neutron Stars with Relativistic Ab Initio Calculations,2024-11-05,What is the maximum mass for rotating neutron star configurations calculated using the Bonn A potential in this study?,factual
2853471,Systematic effects in the lattice calculation of inclusive semileptonic decays,2024-11-27,What specific systematic errors are focused on in this lattice calculation of the inclusive semileptonic decay of the $D_s$ meson?,factual
2808911,Functional renormalization group analysis of the quark-condensation pattern on the Fermi surface: A simple effective-model approach,2024-07-18,How does the diffusive nature of the dynamic bosonic $\sigma$ mode affect the quark-hole condensate in the context of the described effective model?,conceptual
2691266,New Covariant Density Functionals of Nuclear Matter for Compact Star Simulations,2023-08-28,"What are the three families of extended covariant density functionals of nuclear matter introduced in the abstract, and how do they differ from standard functionals like DDME2, DD2, and MPE?",factual
2017910,"The heavy ions are ""preheated"" prior to hight energy collisions",2022-01-26,"What is the proposed connection between low and high energy nuclear physics, as suggested by the concept of thermal density matrices for ""preheated"" nuclei?",conceptual
1824285,SU(3) partial dynamical symmetry and nuclear shapes,2020-10-21,What types of nuclear shapes and associated bands can be described by Hamiltonians exhibiting SU(3) partial dynamical symmetry within the interacting boson model (IBM) and its proton-neutron extension (IBM-2)?,summary
2168909,Renormalization of one-pion exchange in higher partial waves in chiral effective field theory for antinucleon-nucleon system*,2022-10-20,"In the context of chiral effective field theory for the antinucleon-nucleon system, for which partial waves are contact interactions needed at leading order, given the attractive nature of OPE's singular tensor potentials?",factual
2852147,Inner crust of neutron stars: Polymorphism and superconductivity in the liquid drop model,2024-11-26,"According to the study, what is the typical difference in internal energy per baryon for various nuclear matter phases compared to the thermal energy per freedom degree at temperatures between $10^8$ and $10^9$ K?",factual
1875568,Lattice renormalization of quantum simulations,2021-07-02,"How can trotterized time-evolution operators be related to the Euclidean transfer matrix on an anisotropic lattice, and what are the implications for lattice spacings?",conceptual
1836337,Extrapolating from neural network models: a cautionary tale,2020-12-11,"What are the three methods presented in the abstract for estimating error bars on neural network predictions, and what is their general characteristic regarding extrapolation errors?",factual
2761733,Shell-model study of $^{58}$Ni using quantum computing algorithm,2024-02-23,"What nuclear physics role does the isotope $^{58}$Ni play, and why is it a suitable nucleus for shell-model study?",factual
2865805,Determining the duration of the hadronic stage at RHIC-BES energies via resonance suppression using a full set of rate equations,2025-01-07,How does the inclusion of resonance regeneration in rate equations affect the estimated duration of the hadronic stage at RHIC-BES energies compared to previous estimates that omitted this effect?,conceptual
1841832,Second and fourth moments of the charge density and neutron-skin thickness of atomic nuclei,2021-01-19,"What is the primary challenge in experimentally determining the neutron-skin thickness using the proposed method involving the second and fourth moments of the electric charge distribution, and why does it prevent a sound determination?",factual
3006041,"Confinement-Higgs and deconfinement-Higgs transitions in four-dimensional <math display=""inline""><mi>S</mi><mi>U</mi><mo stretchy=""false"">(</mo><mn>2</mn><mo stretchy=""false"">)</mo></math> LGT at finite temperature",2025-10-01,What two order parameters are used in the numerical simulation to distinguish the three phases of the (3+1)-dimensional SU(2) lattice gauge theory with Higgs fields at finite temperature?,factual
1826765,Higher order cumulants of electric charge and strangeness fluctuations on the crossover line,2020-10-29,"What are the lattice QCD calculations presented in the abstract concerning higher order cumulants of electric charge distributions, and what is their relation to baryon chemical potentials $\mu_B$?",factual
1968601,Momentum dependence of near-threshold photoproduction of Ξ− hyperons off nuclei and their properties in the nuclear medium,2021-11-28,What nuclear potential property can be evaluated experimentally by measuring the momentum distributions (absolute and relative) of $\Xi^-$ hyperons at initial photon energies of 2.5 and 3.0 GeV?,factual
1962999,Self-consistent description of high-spin states in doubly magic Pb208,2021-11-08,What is the specific theoretical model used in this paper to describe high-spin states in $\text{Pb}_{208}$?,factual
2961689,Reaction processes of muon-catalyzed fusion in the muonic molecule $ddμ$ studied with the tractable $T$-matrix model,2025-08-18,What is the application of the tractable $T$-matrix model to the nuclear reaction processes in the $ddμ$ molecule?,factual
1850541,Rate of decline of the production cross section of superheavy nuclei with $Z$=114–117 at high excitation energies,2021-03-07,"What nuclear reactions and evaporation channels are predicted to be promising for the synthesis of superheavy nuclei with charge numbers 114–117, according to the multidimensional microscopic-macroscopic approach?",factual
2163231,Bremsstrahlung photons from a hadronizing quark-gluon plasma,2022-10-08,"What constraint is used to determine the transition amplitudes for hadronization in the statistical model, according to the abstract?",factual
1889284,A method to remove lower order contributions in multi-particle femtoscopic correlation functions,2021-07-21,What is the proposed method's approach to determining lower-order contributions in three-body correlation functions?,factual
2957150,Hollow lattice tensor gauge theories with bosonic matter,2025-08-04,"What is the nature of the phase diagram for the four-dimensional lattice tensor gauge theory with bosonic matter, as a function of the gauge coupling $\beta$ and matter coupling $\kappa$, for both $q=1$ and $q=2$ charged scalars?",summary
2780697,Symmetries of spatial correlators of light and heavy mesons in high temperature lattice QCD,2024-04-24,What are the six flavor combinations of meson operators studied in this lattice QCD simulation at temperatures ranging from 190 to 1540 MeV?,factual
3097576,Collision energy and system size dependence of longitudinal flow decorrelation in heavy-ion collisions at RHIC energies,2026-01-06,"How do the decorrelation components $r_n(η)$ and $R_n(η)$ vary with the pseudorapidity $|η|$ in Au+Au collisions at different RHIC energies, and what is the functional form of their dependence on collision energy for the slope parameters $F_n$?",factual
3088951,On the angular momentum and free energy of rotating gluon plasma,2025-12-03,"How do the specific moment of inertia and specific deformation of rotating hot gluon matter behave at temperatures above the phase transition, according to the $	extrm{SU}(3)$ lattice Yang-Mills theory simulations?",factual
2110830,Transport coefficients of second-order relativistic fluid dynamics in the relaxation-time approximation,2022-07-12,"What methods are used in the abstract to derive the transport coefficients of second-order fluid dynamics with 14 dynamical moments, and what is the finding regarding the agreement between these methods?",factual
2906081,Pfaffian formulas for non equivalent bases,2025-03-30,How are Pfaffian formulas generalized in the context of the generator coordinate method when using Hartree-Fock-Bogoliubov (HFB) wave functions expanded in different arbitrary bases?,factual
2822727,Neutron skins: A perspective from dispersive optical models,2024-08-28,"According to the abstract, what specific neutron skin thickness was predicted for ${}^{48}$Ca by the empirical nonlocal dispersive optical model (DOM) in 2017, and how does this prediction compare to the experimental result from CREX?",factual
2811279,Investigating the effect of nuclear deformation on $\beta$-decay half-lives of neutron-rich nuclei,2024-07-26,"How do the computed $eta$-decay half-lives of neutron-rich nuclei vary with nuclear deformation, and which deformation models (DD-PC1, DD-ME2, or FRDM) provide the best predictions according to the study?",factual
2639003,Improved Superscaling in Quasielastic Electron Scattering with Relativistic Effective Mass,2023-03-07,How does the introduction of new averaged responses with a momentum distribution smeared around the Fermi surface address the problem of negativity in the extrapolation of nucleon responses away from the scaling region in quasielastic electron scattering?,conceptual
3076643,General relativistic study of $f$-mode oscillations in neutron stars with gravitationally bound dark matter,2025-11-04,"What are the two free parameters used to characterize the dark matter distribution in the DM-admixed neutron star models, and what do they represent?",factual
2796550,Modeling inclusive electron-nucleus scattering with Bayesian artificial neural networks,2024-06-10,"How does the Bayesian protocol using artificial neural networks represent the longitudinal and transverse response functions in inclusive electron-nucleus scattering, and how does this differ from previous methods?",conceptual
2649585,"Asymptotic normalization coefficients of alpha-particle removal from $^{16}$O($3^-,2^+,1^-$)",2023-04-05,"What are the specific states of $^{16}$O for which Asymptotic Normalization Coefficients ($C_l$) are calculated in this paper, and what is the relationship between the angular momentum ($l$) and the spin-parity ($J^\pi$) of these states?",factual
2966249,A Study on the Triggering of Nucleonic Direct Urca Processes in Neutron Stars of Specific Masses and Their Hyperon Dependence,2025-09-03,Under which conditions are nucleonic direct URCA processes absent in PSR J1231-1411 according to the study?,factual
1833030,Shell-model based study of the direct capture in neutron-rich nuclei,2020-11-25,What are the limitations of the Hauser-Feshbach reaction model for calculating radiative neutron capture rates in light and neutron-rich nuclei?,conceptual
1861687,Constraining free parameters of a color superconducting nonlocal Nambu–Jona-Lasinio model using Bayesian analysis of neutron stars mass and radius measurements,2021-04-30,What are the two free parameters in the color superconducting nonlocal Nambu–Jona-Lasinio (nlNJL) model that are varied in this study?,factual
2075430,Rate and ellipticity of dilepton production in a magnetized quark-gluon plasma,2022-04-30,How does the magnetic field affect the dilepton production rate in a hot quark-gluon plasma at small invariant masses (M ≲ $\sqrt{|eB|}$)?,factual
2082511,Investigating color screening in proton-nucleus collisions with complex potentials*,2022-05-16,"What is the conclusion regarding the strength of color screening at temperatures near the deconfined phase transition, based on the study of charmonium wave functions in a hydrodynamic-like QCD medium produced in pA collisions?",factual
2601270,Towards learning optimized kernels for complex Langevin,2022-11-28,"What two conditions are crucial for achieving correct convergence in complex Langevin simulations, according to the abstract?",factual
1847754,Differential analysis of incompressibility in neutron-rich nuclei,2021-02-21,"According to the abstract, what is the proposed differential approach used to extract and what are the resulting values for $K_{\tau}$ and $K_{\infty}$ from the ISGMR data of even-even Pb, Sn, Cd, and Ca isotopes?",factual
1976954,An Euclidean representation of Majorana spins,2021-11-26,What is derived in three space-time dimensions in the context of Euclidean representation of bosonized Majorana fermions?,factual
2149539,Bound states and electromagnetic radiation of relativistically rotating cylindrical wells,2022-09-08,What happens to the energy levels of non-relativistic bound states in a relativistically rotating cylindrical well as the angular velocity increases?,factual
1997102,Quark-quark interaction and quark matter in neutron stars,2021-12-23,How does hyperon mixing in neutron-star matter affect the equation of state (EoS) and the maximum mass of neutron stars?,factual
2944825,Evaluation of bound-state $β^-$-decay half-lives of fully ionized atoms,2025-07-10,"What specific nuclear inputs are crucial for the theoretical study of bound-state $β^-$-decay in fully ionized atoms, as mentioned in the abstract?",factual
1842629,Energy per particle of nuclear and neutron matter from subleading chiral three-nucleon interactions,2021-01-25,What is the analytical first-order contribution to the energy per particle of isospin-symmetric nuclear matter and pure neutron matter derived from subleading chiral three-nucleon interactions?,factual
1976850,Inertial energy dissipation in nuclear dynamics,2021-11-25,What method is presented that combines microscopic time-dependent density function theory (TDDFT) with the macroscopic Langevin model to incorporate quantum effects into stochastic fission analysis?,factual
1792564,Application of the constituent quark exchange model to the parton distributions and the EMC ratios of $^{12}C$ and $^{14} N$ nuclei,2021-08-06,"What is the relationship between the leading order (LO) and next-to-leading order (NLO) approximations for calculating the EMC ratios of light nuclei at a fixed hard scale Q^2, according to the study?",factual
2772335,Lattice outlook on $B\to\rho\ell\bar{\nu}$ and $B\to K^\star \ell \ell$,2024-03-28,What specific type of lattice QCD technique is used to determine the transition amplitudes for processes involving QCD-unstable hadrons like the $\rho$ and $K^*(892)$?,factual
3086289,The covariant equations of motion of massive spinning particles in a background Yang-Mills field,2025-11-25,"What are the limitations of existing studies based on Wong equations for describing the dynamics of hard probes in a glasma field, particularly concerning the Stern-Gerlach force?",conceptual
2846085,RHIC $\sqrt{s_{NN}}=200$ GeV hadron yields and the isospin dependent equation of state,2024-11-06,"How does the charge fraction $Y_Q=Z/A$ influence the extraction of thermodynamic information at chemical freeze-out in heavy-ion collisions at RHIC with $\sqrt{s_{NN}}=200$ GeV, and what new constraint can be derived for the equation of state at finite temperature and density?",conceptual
2631991,"Time-dependent Hartree-Fock study of quasifission trajectories in reactions forming <math><mmultiscripts><mi mathvariant=""normal"">Og</mi><mprescripts/><none/><mrow><mn>294</mn></mrow></mmultiscripts></math>",2023-02-14,"According to the study, what is the primary factor influencing the exit channel in quasifission reactions forming <math><mmultiscripts><mi>Og</mi><mprescripts/><none/><mn>294</mn></mmultiscripts></math>?",factual
1811887,"$Ab Initio$ Neutrinoless Double-Beta Decay Matrix Elements for $^{48}$Ca , $^{76}$Ge , and $^{82}$Se",2020-08-14,"What is the approximate percentage reduction in nuclear matrix elements for $^{76}$Ge and $^{82}$Se compared to the phenomenological shell model, as determined by the $ab$ $initio$ in-medium similarity renormalization group method?",factual
2132718,Inference of the sound speed and related properties of neutron stars,2022-08-05,"What does the evaluation of Bayes factors imply regarding the conformal bound <math display=""inline""><msubsup><mi>c</mi><mi>s</mi><mn>2</mn></msubsup><mo>≤</mo><mn>1</mn><mo>/</mo><mn>3</mn></math> inside neutron stars?",factual
2628379,Identical Bands Around the Isobaric Rare-Earth Even–Even Nuclei with the Mass Number of ${A=164}$,2023-01-31,"According to the abstract, what theoretical collective rotational formula was suggested and used to calculate the ground state positive parity excitation energies for the studied rare-earth nuclei?",factual
2622244,"Nucleon electric dipole moment from the <math display=""inline""><mi>θ</mi></math> term with lattice chiral fermions",2023-01-11,"What are the calculated values for the neutron and proton electric dipole moments ($d_n$ and $d_p$) at the physical pion mass, as determined in the study using overlap fermions?",factual
2827194,Phase stability in the three-dimensional open-source code for the chiral mean-field model,2024-09-10,"What is the primary improvement in the cmf++ software compared to the legacy CMF code, and how has this improvement impacted the exploration of the phase space and the identification of phase transitions?",summary
1840185,Topological susceptibility of pure gauge theory using Density of States,2021-01-09,What is the calculated topological susceptibility of the SU(3) pure gauge theory in the deconfined phase up to 10$T_c$?,factual
2135955,Testing the collectivity in large and small colliding systems with test particles,2022-08-14,"How does the collectivity established by final state parton collisions compare between large and small colliding systems, according to the proposed test-particle method?",factual
2601267,"Coordinate-space calculation of the window observable for the hadronic vacuum polarization contribution to <math display=""inline""><mo stretchy=""false"">(</mo><mi>g</mi><mo>-</mo><mn>2</mn><msub><mo stretchy=""false"">)</mo><mi>μ</mi></msub></math>",2022-11-28,"What is the primary purpose of calculating the ""intermediate window quantity"" for the hadronic vacuum polarization contribution to the anomalous magnetic moment of the muon in the context of comparing data-driven approaches and lattice QCD?",conceptual
3081328,Jacobi Coordinates on Hyper-tori and Geometric Factors in the Volume Dependencies,2025-11-10,What is the role of the 'Geometric factor' in generalizing from point-like particles to clusters in the context of Jacobi coordinates on a lattice with periodic boundary conditions?,conceptual
2055552,Discovering new physics in rare kaon decays,2022-03-21,What energy scale for new physics can be probed by rare kaon decays?,factual
1877337,Elliptic Flow of Particles under the Influence of Electromagnetic Field Evolution in Relativistic Heavy Ion Collision,2021-07-03,How does the electromagnetic field evolution affect the elliptic flow of particles at different transverse momenta according to the iEBE-VISHNU framework?,factual
2933771,Geometry of configuration mixing in Bose-Fermi systems,2025-06-12,What kind of quantum phenomena in odd-mass Nb nuclei can be understood through the geometric interpretation of an algebraic interacting boson-fermion model with configuration mixing?,summary
2107904,Phase transitions and latent heat in magnetized matter,2022-07-08,"How does a strong magnetic field affect the pressure, chemical potential, and latent heat of the phase transition between hadronic and quark matter, according to the MIT model with vector interactions and the NL3$\\omega \rho ^*$ parametrization?",factual
1962992,General purpose lattice QCD code set Bridge++ 2.0 for high performance computing,2021-11-08,What is the primary goal of the Bridge++ code set in the context of lattice QCD simulations?,factual
2605165,A machine learning approach to the classification of phase transitions in many flavor QCD,2022-11-29,What specific machine learning architecture is used to approximate probability distributions in the context of classifying phase transitions in many flavor QCD?,factual
1950993,Thermal QCD with external imaginary electric fields on the lattice,2021-10-23,"What is the electric susceptibility in thermal QCD with imaginary electric fields, and how does its determination differ from magnetic fields at non-zero temperatures?",conceptual
1832621,Deconfinement Phase Transition under Chemical Equilibrium,2020-11-23,"Within the Chiral Mean Field model, how does the assumption of chemical equilibrium with leptons impact the deconfinement phase transition to quark matter, particularly concerning the deconfinement region in three-dimensional quantum chromodynamics phase diagrams?",conceptual
1986056,Band-like structures and quartets in deformed N = Z nuclei,2021-12-08,"What types of nuclei are described using the formalism of $\alpha$-like quartets in this paper, and for which specific nuclei have the calculations been applied?",factual
2651549,Hadronic contribution to the running of the electromagnetic coupling constant from lattice QCD: challenges at short distances,2024-01-08,"What are the main challenges in calculating the hadronic vacuum polarization contribution to the running of the electromagnetic coupling constant at higher energies using lattice QCD, and how can improvement procedures based on lattice perturbation theory help address them?",conceptual
2966581,An exploratory calculation of $K_{\rm L}\toμ^+μ^-$ decay from Lattice QCD at physical pion mass,2025-09-04,"What is the statistical precision achieved for the dispersive part of the long-distance two-photon-exchange amplitude in the $K_{m L}ightarrowμ^+μ^-$ decay calculation?",factual
2628970,Implementation of chiral two-nucleon forces to nuclear many-body methods with Gaussian-wave packets,2023-02-02,What is the main challenge addressed by this paper regarding the implementation of chiral two-nucleon forces in Gaussian-wave packet-based many-body methods?,factual
2807708,Non-perturbative Collins-Soper kernel: Chiral quarks and Coulomb-gauge-fixed quasi-TMD,2024-07-15,What lattice QCD formalism and quark discretization scheme are used in this study to calculate the Collins-Soper (CS) kernel?,factual
1906135,About the Solution of the Numerical Instability for Topological Solitons with Long Range Interaction,2021-08-16,What causes the instabilities observed when computing solutions for topological solitons with long-range interactions in the scalar SU(2)-field model?,factual
2845244,Folding Procedure for $\Omega $-$\alpha $ Potential,2024-11-04,What is the fitted Woods-Saxon function for the $\Omega \alpha$ folding potential $V_{\Omega \alpha }(r)$ and what are its parameters in the asymptotic region?,factual
2648212,Sp(2N) Lattice Gauge Theories and Extensions of the Standard Model of Particle Physics,2023-04-03,"What specific quantities related to Yang-Mills theories have been measured in lattice studies as part of this research programme, and what is discussed regarding their large-N extrapolation?",factual
2764020,The quark-mass dependence of the potential energy between static colour sources in the QCD vacuum with light and strange quarks,2024-03-01,"What is the extrapolated value of the QCD string tension, $\sqrt{\sigma}$, in MeV for the physical light-quark masses based on the lattice QCD calculations with light and strange quarks?",factual
2614864,Coexistence of quartets and pairs in even-even N > Z nuclei,2022-12-15,"How are the ground states of even-even N > Z nuclei described in the abstract, considering the interaction of nucleons with realistic two-body forces?",summary
2874480,Exploring total fission cross sections of neutron- and proton-induced reactions of exotic nuclei at relativistic energies using the <math><mrow><mi>INCL</mi><mtext>-</mtext><mi>ABLA</mi><mo>+</mo><mo>+</mo></mrow></math> models,2025-01-31,What are the key updates made to the INCL++ de-excitation code in this study to improve the description of fission cross sections?,factual
2925011,Microscopic constraints for the equation of state and structure of neutron stars: a Bayesian model mixing framework,2025-05-24,What are the two different microscopic theories used in the Bayesian model mixing framework to infer constraints on the neutron star matter equation of state at intermediate densities?,factual
2870288,A precise study of the thermodynamic properties of the SU(3) Yang-Mills theory across the deconfinement transition,2025-01-17,"What is the combined estimate for the latent heat, h, in the SU(3) Yang-Mills theory as determined from the entropy density and the trace anomaly?",factual
2806791,Extending DD-$α$AMG on heterogeneous machines,2024-07-10,"What is the performance comparison between Richardson smoothing and GCR and SAP smoothing in the DD-αAMG solver, as observed in the numerical experiments?",factual
1846903,On the QED corrections to elastic electron scattering at high momentum transfer,2021-02-16,What is the energy range considered for elastic electron scattering from a 12C nucleus in this study?,factual
3091707,Finite density lattice QCD without extrapolations,2025-12-10,"In the canonical formulation of finite density QCD discussed in the abstract, which two quantities are used as parameters for the system, and what specific QCD quantities are computed as functions of these parameters?",factual
2799758,Two-center harmonic oscillator basis for Skyrme-DFT calculations (I): formalism and Proof of Principle,2025-06-14,What specific nuclear interactions are incorporated into the new method for solving nuclear density functional theory equations using a two-center harmonic oscillator basis?,factual
2165936,Ab initio single-neutron spectroscopic overlaps in lithium isotopes,2022-10-17,What lithium isotopes are used as illustrative examples for calculating single-neutron spectroscopic overlaps and their associated neutron-nucleus asymptotic normalization coefficients (ANCs) and spectroscopic factors (SFs) in this study?,factual
1807898,Coulomb Corrections for Bose–Einstein Correlations from One- and Three-Dimensional Lévy-Type Source Functions,2020-07-17,"How does the study in the abstract address the effect of Coulomb interactions on Bose–Einstein correlations for non-spherical Lévy sources, and what numerical method is employed for this calculation?",summary
1854172,Higher order cumulants of transverse momentum and harmonic flow in relativistic heavy ion collisions,2021-03-29,"How can third and fourth order symmetric cumulants of transverse momentum and harmonic flow be calculated in the hydrodynamic model, and what is their potential use in studying initial state correlations?",conceptual
2973744,Isoenergetic description of induced fission pathways within energy-density functional theory,2025-09-26,How does the isoenergetic description of induced fission pathways in <math><mmultiscripts><mi>Lv</mi><mprescripts/><none/><mn>296</mn></mmultiscripts></math> compare to isothermal and isentropic descriptions in terms of fission barrier and damping factor at the same excitation energy?,factual
3075563,Semi-classical and boson descriptions of scissors states,2025-10-31,What is the relation between the ground band energy and the wobbling energy in the semi-classical and boson descriptions of scissors states as presented in the abstract?,factual
1805105,Examination of coalescence as the origin of nuclei in hadronic collisions,2020-07-03,"What theoretical framework underlies the coalescence model for cluster formation, and how does it relate to the Bethe-Salpeter equation and effective quantum mechanics?",conceptual
2612452,Prediction of nuclear charge density distribution with feedback neural network,2024-04-16,How does the introduction of $A^{1/3}$ into the input parameter of the neural network affect the accuracy and precision of the parameter-learning effect for the two-parameter Fermi (2pF) model?,factual
1998828,Finite-volume effects and meson scattering in the 2-flavour Schwinger model,2021-12-30,"In the context of the 2-flavour Schwinger model with Wilson fermions and fixed fermion numbers, how is the determinant of the Dirac operator described, and what does this description allow for the examination of?",conceptual
2846336,Entanglement properties of SU(2) gauge theory,2024-11-07,"What specific phenomena related to thermalization in two-dimensional SU(2) gauge theory have been investigated using exact real-time simulations, and what new findings regarding a two-step thermalization process and the role of higher gauge field representations were presented?",summary
2902122,Electromagnetic moments in the Sn-Gd region determined within nuclear DFT,2025-03-19,"What is the influence of particle number symmetry restoration on the calculated moments within the nuclear DFT framework, according to the abstract?",factual
2810690,Diagrammatic ab initio methods for infinite nuclear matter with modern chiral interactions,2024-07-24,Which three ab initio methods based on diagrammatic expansions were used to study the equation of state for pure neutron matter and symmetric nuclear matter?,factual
2011833,Single-pion contribution to the Gerasimov-Drell-Hearn sum rule and related integrals,2022-01-17,How does the single-pion contribution to the Gerasimov-Drell-Hearn (GDH) sum rule differ between the proton and the neutron based on the provided abstract?,factual
3074255,Low-lying baryon resonances from lattice QCD,2025-10-28,"What is the relationship between the scattering K-matrix, the box matrix, and the finite-volume energy spectrum in lattice QCD calculations of baryon resonances?",conceptual
2804491,External-magnetic-field-induced paramagnetic squeezing effect in heavy-ion collisions at energies available at the CERN Large Hadron Collider,2024-05-04,"What is the estimated maximum percentage reduction in the momentum anisotropy of QGP due to enduring magnetic fields in noncentral $\text{Pb}+\text{Pb}$ collisions at the LHC, as found in the study?",factual
1854167,Lattice determination of I=0 and 2 ππ scattering phase shifts with a physical pion mass,2021-03-28,What are the implemented \pi\pi interpolating operators used in the lattice QCD calculation for determining s-wave \pi\pi scattering phase shifts?,factual
2846087,Hyperon Production in Bi + Bi Collisions at the Nuclotron-Based Ion Collider Facility and Angular Dependence of Hyperon Spin Polarization,2024-11-06,"How does the rapidity distribution of \( \Lambda \), \( \Sigma^0 \), and \( \Xi \) baryons compare to that of \( \bar{s} \) baryons in Bi + Bi collisions at 1.5 GeV, according to the PHSD transport model?",factual
2700904,Improved algorithm for dynamical triangulations and simulations of finer lattices,2023-09-21,"What key condition does the new algorithm for Euclidean dynamical triangulations allow for, which is necessary for efficient simulation of theories with global terms?",factual
2772056,$p\bar{\varLambda }$ final-state interaction in the reactions $e^+e^- \rightarrow K^- p \bar{\varLambda }$ and $J/\psi \rightarrow K^- p \bar{\varLambda }$,2024-03-27,"What potential models for the $par{\Lambda}$ interaction are considered in the abstract, and what experimental analysis were they established from?",factual
2682748,"Short-range correlations and momentum distributions in mirror nuclei <math><mmultiscripts><mi mathvariant=""normal"">H</mi><mprescripts/><none/><mn>3</mn></mmultiscripts></math> and <math><mmultiscripts><mi>He</mi><mprescripts/><none/><mn>3</mn></mmultiscripts></math>",2023-07-26,"What type of short-range correlation (SRC) pairs are significantly enhanced in \(^3\text{H}\) and \(^3\text{He}\) nuclei compared to \(nn(pp)\)-SRC ones, and is this enhancement consistent with experimental findings?",factual
2667548,Quantum kinetic theory with interactions for massive vector bosons,2023-06-09,"What is the form of the collision term in the quantum kinetic theory for massive spin-1 particles, up to first order in $\hbar$, compared to spin-1/2 particles?",factual
1864764,A Realistic Approach to the $\varXi NN$ Bound-State Problem Based on Faddeev Equation,2021-05-24,"What are the $\Xi NN$ interaction models used in this study, and which one generates a bound state with specific quantum numbers?",factual
1981916,Holography for Ising spins on the hyperbolic plane,2021-11-30,What evidence supports the claim that the connection between continuum boundary conformal symmetry and isometries of the bulk hyperbolic space survives for simple interacting field theories when the bulk is approximated by a discrete tessellation?,factual
2677879,Magnetic polarizability of a charged pion from four-point functions in lattice QCD,2023-07-17,What is the approximate value of the magnetic polarizability ($\beta_M$) of a charged pion obtained from the connected diagrams in the lattice QCD simulation described in the abstract?,factual
2775418,From chiral effective field theory to perturbative QCD: A Bayesian model mixing approach to symmetric nuclear matter,2024-04-09,What is the primary challenge addressed by the Bayesian multimodel inference approach discussed in the abstract concerning the equation of state (EOS) of dense matter?,conceptual
2871499,Symmetry of screening masses of mesons in two-flavor lattice QCD at high temperatures,2025-01-22,"What temperature range, in MeV, is covered by the simulations in the study, and what is the estimated critical temperature?",factual
2628719,Boundary states and non-Abelian Casimir effect in lattice Yang-Mills theory,2023-02-01,"What is the mass of the newly discovered gluonic state, referred to as the ""glueton,"" in SU(3) lattice gauge theory, and how does it compare to the ground-state glueball mass?",factual
2761350,Microscopic bell-shape nonlocality: The case of proton scattering off 40Ca at 200 MeV,2024-02-22,"What is the proposed separable structure for microscopic nonlocal optical potentials in this work, and what is its functional form?",factual
2941296,From bare two-nucleon interaction to nuclear matter and finite nuclei in a relativistic framework,2025-07-02,"What is the primary advantage of the relativistic framework used in this study compared to most existing ab initio studies of nuclear forces, infinite nuclear matter, and finite nuclei?",conceptual
1814581,Field sparsening for the construction of the correlation functions in lattice QCD,2020-09-02,"What are the two field-sparsening methods discussed in the abstract for constructing correlation functions in lattice QCD, and what is the approximate reduction in the number of field points for Gaussian-smeared operators?",factual
2828756,Supersymmetric QCD on the lattice: Fine-tuning and counterterms for the quartic couplings,2024-09-11,"What specific type of actions for gluon, fermion, and squark fields are used in the lattice version of SQCD described in the abstract?",factual
1852323,Nuclear energy density functionals from empirical ground-state densities,2021-03-18,What is the method developed in this paper to improve relativistic nuclear energy density functionals?,factual
2659659,NN scattering with $N\varDelta $ coupling: dibaryon resonances without “dibaryons”?,2023-05-15,"How does the strength of the $NN ightarrow N	riangle $ transition compare to the strength of one pion exchange in peripheral partial waves up to $J=6$ in isospin one NN scattering, according to the coupled-channel method?",factual
2168908,Spatial Structure of the ${}^{{12}}$C Nucleus in a 3$\alpha$ Model with Deep Potentials Containing Forbidden States,2022-10-21,What are the dominant partial wave contributions to the ground state ($0_{1}^{+}$) and the $2_{1}^{+}$ excited bound state of the ${}^{12}$C nucleus in the 3$\oldsymbol{\alpha}$ model?,factual
2669356,Multipolynomial Monte Carlo for trace estimation in lattice QCD,2023-06-15,What is the primary application of estimating the trace of the inverse of a large matrix in lattice quantum chromodynamics?,factual
1881576,Coulomb field correction due to virtual e+e− production in heavy ion collisions,2021-07-09,What is the approximate magnitude of the Coulomb field correction due to virtual $e^{+}e^{-}$ pair production at nuclear scales?,factual
2766192,B-meson semileptonic decays from highly improved staggered quarks,2024-02-18,"What is the primary focus of the updated results on B-meson semileptonic decays presented in this abstract, particularly concerning the form factors?",summary
2897078,Dissipative currents and transport coefficients in relativistic spin hydrodynamics,2025-03-05,"How many relativistic transport coefficients are determined in the first order of relativistic spin hydrodynamics with finite chemical potential, and how are they distributed among the symmetric energy-momentum tensor, antisymmetric energy-momentum tensor, conserved vector current, and spin tensor?",factual
1791969,Anomaly in the decay of 8Be and 4He—can an observed light boson mediate low-energy nucleon–nucleon interactions?,2020-04-21,"What is the proposed rest mass of the boson that might mediate low-energy nucleon-nucleon interactions, as suggested by the anomaly in the decay of 8Be and 4He?",factual
2928988,New level density parameter beyond Egidy-Bucurescu's systematics,2025-06-02,"What were the three forms of nuclear level density parameters (LDPs) fitted in this study, according to the back-shifted Fermi gas model?",factual
2838930,Influence of center vortices on the overlap quark propagator in dynamical QCD,2024-10-09,"How does the removal of center vortices affect dynamical mass generation in the overlap Landau-gauge quark propagator for different valence quark masses, while keeping the sea quark mass near-physical?",factual
2777806,1/2$^-$$\alpha$ cluster resonances of $^{13}$C studied by the analytic continuation in the coupling constant,2024-04-15,"What method is used in the study to investigate the 1/2$^-$ resonant states in $^{13}$C, particularly for resonances near the 3$\alpha$+n threshold?",factual
1827303,Toward Lattice QCD On Billion Core Approximate Computers,2020-10-29,"What is the speed and speed/watt improvement observed when running a 20 million point 3D U(1) sigma model on a 34,000-core prototype approximate computer compared to a traditional CPU?",factual
2030099,"Nuclear spectroscopy with heavy ion nucleon knockout and (p,2p) reactions",2022-02-09,"What types of nuclear spectroscopy tools are discussed in the abstract, and which nuclei are studied using ab initio many-body wave functions?",factual
2901443,Delayed Thermal Relaxation of Rapidly Cooling Neutron Stars: Nucleon Superfluidity and Non-nucleon Particles,2025-05-08,"Under what specific physical conditions do rapidly cooling neutron stars, influenced by neutron superfluidity and direct Urca processes, exhibit delayed thermal relaxation?",conceptual
2721810,Optimal colliding energy for the synthesis of a superheavy element with <math><mrow><mi>Z</mi><mo>=</mo><mn>119</mn></mrow></math>,2023-11-13,"What is the maximum cross section for the $4n$ channel in the synthesis of the superheavy element with $Z=119$ using the $^{51}V + ^{248}Cm$ reaction, and at what center-of-mass energy is it achieved?",factual
2873831,Zubarev response approach to polarization phenomena in local equilibrium,2025-01-29,"How does the Zubarev response approach explain the vector polarization of a spin-1 particle in a locally equilibrated medium, and how do the contributions from vorticity, temperature gradients, and shear compare to those of a spin-1/2 particle?",conceptual
2810681,Enhancement of deltaful two-pion exchange nuclear forces,2024-07-24,What is the reason suggested by the abstract for the significant difference in strength between dimensionally regularized and spectral function regularized two-pion exchanges with explicit delta isobar degrees of freedom?,conceptual
1824412,Effective shear and bulk viscosities for anisotropic flow,2020-10-22,What determines the viscous damping of anisotropic flow in heavy-ion collisions according to the abstract?,factual
2606621,Calculation of the pion charge radius from an improved model-independent method,2022-11-30,"What are the two main sources of systematic errors in the previously proposed model-independent method for calculating the pion charge radius, especially for small pole mass and volume?",factual
2940193,Half-life of <math><mmultiscripts><mi>Xe</mi><mprescripts/><none/><mn>136</mn></mmultiscripts></math> for neutrinoless double-<math><mi>β</mi></math> decay calculated with effective axial-vector current coupling unified for two-neutrino and neutrinoless double-<math><mi>β</mi></math> decay modes,2025-06-29,"How does the choice of nuclear structure interaction, specifically \( \text{SkM}^* \) versus SGII, affect the effective axial-vector current coupling constant ($\msubsup><mi>g</mi><mi>A</mi><mtext>eff</mtext></msubsup$) in the calculation of the neutrinoless double beta decay half-life of \(\mmultiscripts><mi>Xe</mi><mprescripts/><none/><mn>136</mn></mmultiscripts>\)?",factual
1920884,Inhomogeneities in the two-flavor chiral Gross-Neveu model,2021-09-12,"In the context of the two-flavor chiral Gross-Neveu model with an axial $U_A(1)$ symmetry in $1+1$ dimensions, what is the observed behavior of the chiral spiral at low temperatures and how do its properties differ between the $N_f 	o 	ext{inf}$ and $N_f = 2$ cases?",conceptual
2628377,"Investigating the fission dynamics of the following neutron shell closed nuclei within a stochastic dynamical approach: $^{210}$Po, $^{212}$Rn, and $^{213}$Fr*",2023-01-31,"Which stochastic dynamical approach is utilized in the study to reproduce experimental data for neutron shell closed nuclei like $^{210}$Po and $^{212}$Rn, and what is the key characteristic of the friction form factor used in the calculations?",factual
2806811,Calibrating global behavior of equation of state by combining nuclear and astrophysics inputs in a machine learning approach,2024-07-11,What is the speedup achieved by employing symbolic regression models (SRMs) in Bayesian inference for calibrating the equation of state (EOS) compared to direct solutions of the Tolman-Oppenheimer-Volkoff (TOV) equations?,factual
2859847,Quantum sampling on a quantum annealer for large volumes in the strong coupling limit for gauge group U(3),2024-12-16,"How does the D-Wave quantum annealer, in conjunction with the Metropolis-Hastings algorithm, assist in generating thermodynamic observables and their parameter dependence for U(3) gauge theory on large 2D and 4D lattices in the strong coupling limit, and how are these results benchmarked against classical Monte Carlo simulations?",factual
1895121,Phase structure of the CP(1) model in the presence of a topological θ-term,2021-07-29,What is the observed phase transition at $\theta = \pi$ in the CP(1) model for $0 \leq \beta \leq 1.1$ according to the bond-weighted tensor renormalization group method?,factual
1809831,Core of $^{25}$F in the rotational model,2020-08-03,"Within the particle-rotor model, what are the estimated values for the effective core's 2+ energy and quadrupole deformation $\epsilon_2$ of $^{25}$F, based on the observed excitation energies of the 1/21+ and 9/21+ states?",factual
2148918,’t Hooft anomalies for staggered fermions,2022-09-08,What symmetry is broken from $U(1)$ down to $Z_4$ in even dimensions due to a perturbative anomaly when staggered fermions are coupled to gravity?,factual
1978866,Description of Nb93 stellar electron-capture rates by the projected shell model,2021-11-28,"How does the projected shell model (PSM), which explicitly includes excited configurations as multi-quasiparticle states, address the challenge of accurately treating electron capture (EC) rates for medium-heavy and heavy nuclei in stellar environments, using the example of $\text{Nb}_{93} \rightarrow \text{Zr}_{93}$?",conceptual
2654631,Investigating the cluster production mechanism with isospin triggering: Thermal models versus coalescence models,2022-10-20,"How does the deuteron yield depend on $\Delta Y_{\pi}$ in the coalescence model, and how does this differ from the thermal model?",conceptual
2942771,"Nuclear <math altimg=""si203.svg"" display=""inline"" id=""d1e106787""><msup><mrow><mi>β</mi></mrow><mrow><mo>−</mo></mrow></msup></math>-decay with statistical de-excitation",2025-07-04,What two nuclear models are combined in the QRPA+HF approach to describe nuclear <math altimg alt=,factual
1799839,Far From Equilibrium Hydrodynamics and the Beam Energy Scan,2020-06-07,"How do out-of-equilibrium effects influence the initial baryon chemical potential $(\mu_B)$ for a Bjorken expanding hydrodynamic system with a critical point, and by how much can $\mu_B$ vary for the same initial energy density and baryon density?",factual
2945867,Color-magnetic correlations in SU(2) and SU(3) lattice QCD,2025-07-14,"How is the Landau-gauge gluon propagator <math display=""inline""><msup><mi>g</mi><mn>2</mn></msup><mo stretchy=""false"">⟨</mo><msubsup><mi>A</mi><mi>μ</mi><mi>a</mi></msubsup><mo stretchy=""false"">(</mo><mi>s</mi><mo stretchy=""false"">)</mo><msubsup><mi>A</mi><mi>ν</mi><mi>b</mi></msubsup><mo stretchy=""false"">(</mo><msup><mi>s</mi><mo>′</mo></msup><mo stretchy=""false"">)</mo><mo stretchy=""false"">⟩</mo></math> described in SU(2) and SU(3) quenched lattice QCD for <math display=""inline""><mi>r</mi><mo>=</mo><mn>0.1</mn><mi>–</mi><mn>1.0</mn><mtext> </mtext><mtext> </mtext><mi>fm</mi></math>?",factual
2771672,Nuclear matrix elements of neutrinoless double-beta decay in covariant density functional theory with different mechanisms,2024-03-26,"What nuclei are considered in the study for calculating nuclear matrix elements (NMEs) of neutrinoless double-beta (<math altimg=""si1.svg""><mn>0</mn><mi>ν</mi><mi>β</mi><mi>β</mi></math>) decay using multi-reference covariant density functional theory (MR-CDFT)?",factual
1856082,Equilibrium constants of nuclear reactions in supernova explosions,2021-04-04,How are protons and neutrons treated in terms of their internal structure when calculating the equilibrium constants for $\beta$-decay reactions in the context of supernova explosions?,factual
1873195,Comparison of fission and quasi-fission modes,2021-06-30,"According to the time-dependent Hartree-Fock simulations of $^{50}$Ca+$^{176}$Yb collisions, at what point does mass equilibration between fragments in quasi-fission cease, and what are the observed similarities to other nuclear processes?",factual
2838003,How the HESS J1731-347 object could be explained using K− condensation,2024-10-07,"What are the two theoretical frameworks used in the paper to investigate the possible existence of kaon condensation in hadronic neutron stars, and what specific aspects are explored concerning the nucleon-kaon potential and strangeness content?",factual
1886940,Description of the shape of medium and heavy nuclei using a finite deformed one-particle potential with deformation-dependent diffuseness,2021-07-17,How does the dependence of the diffuseness of the potential surface on deformation affect the potential energy of nuclear deformation in medium and heavy nuclei?,conceptual
1971260,FLAG Review 2021,2021-11-18,What are the specific quantities related to the heavy-quark sector reviewed in the FLAG 2021 paper that are relevant for determining CKM matrix elements and performing a global CKM unitarity-triangle fit?,factual
2873823,"Quantum simulation of non-Abelian lattice gauge theories: A variational approach to <math><msub><mi mathvariant=""double-struck"">D</mi><mn>8</mn></msub></math> with dynamical matter",2025-01-29,What is the proposed variational scheme for the \(\mathbb{D}_8\) LGT that can be implemented on a universal qudit quantum device?,factual
2632786,Hidden Euclidean dynamical symmetry in the U(n+1) vibron model,2023-02-15,"How can the E(n) dynamical symmetry emerge at the critical point of the U(n)-SO(n+1) quantum phase transition, according to the U(n+1) vibron model?",conceptual
2885882,Quantum dynamical microscopic approach to stellar carbon burning,2025-02-16,What quantum dynamical calculation methods are combined in this study to investigate carbon burning?,factual
2615941,Lattice Study of Spectator Effects in $b$-hadron Decays,2022-12-19,What specific lattice ensembles were used for the RBC-UKQCD (2+1)-flavor Domain Wall Fermion calculations in this study of spectator effects in $b$-hadron decays?,factual
2779440,Axially deformed relativistic quasiparticle random-phase approximation based on point-coupling interactions,2024-04-20,How does nuclear deformation affect the excitation energies and transition strength distributions of collective nuclear excitations like giant resonances?,conceptual
2857271,The Roberge-Weiss endpoint in ($2$+$1$)-flavor QCD with background magnetic fields,2024-12-09,"What is the order of the Roberge-Weiss (RW) transition in ($2$+$1$)-flavor QCD with background magnetic fields, based on the lattice QCD simulations performed in this study?",factual
2847974,Bayesian evaluation of hadron-quark phase transition models through neutron star observables in light of nuclear and astrophysics data,2024-11-13,"What is the range of values predicted for the parameter $d_c$ by the hybrid and hadronic models at around five times saturation density, and how do these values relate to the presence of deconfined quark matter?",factual
2156631,Systematic study of proton radioactivity half-lives based on the relationship between Skyrme-Hartree-Fock and the macroscopic quantities of nuclear matter*,2022-09-26,What is the correlation analyzed in this study between proton radioactivity half-life and macroscopic quantities of nuclear matter?,factual
2831885,Heavy Flavour Energy Loss in Small and Large Systems,2024-09-23,What is the primary mechanism responsible for suppression in small systems according to the energy loss model presented in the abstract?,factual
2943405,"Revisiting <math altimg=""si26.svg""><mrow><msup><mi>η</mi><mo>′</mo></msup><mrow><mo>(</mo><mn>958</mn><mo>)</mo></mrow></mrow></math> nuclear states",2025-07-08,"According to the abstract, what are the required properties of the \eta'-nuclear potential for observing \eta'-nuclear quasibound states, and how do the potential derived in this study and the potential confirmed by the CBELSA/TAPS collaboration differ regarding these properties?",factual
1955734,The electroweak Hamiltonian in the gradient flow formalism,2021-10-29,What is the order of accuracy in QCD for the flowed operator product expansion of the current-current operators of the electroweak Hamiltonian that is reported in this contribution?,factual
2744154,Radius extrapolations for two-body bound states in finite volume,2023-12-29,"What physical observable is derived in this work regarding two-body bound states in finite volume, and how is it tested?",factual
2034646,Taylor expansions and Padé approximants for cumulants of conserved charge fluctuations at nonvanishing chemical potentials,2022-02-18,"According to the abstract, what are the estimated maximum values of \(\mu_B / T\) for which the Taylor expansions of the zeroth-, first-, and second-order cumulants of net-baryon-number fluctuations are reliable?",factual
3092486,"Loop-string-hadron approach to SU(3) lattice Yang-Mills theory, II: Operator representation for the trivalent vertex",2025-12-12,"What does the Loop-String-Hadron (LSH) approach to SU(3) lattice Yang-Mills theory present in this paper, specifically regarding operators at a trivalent vertex?",factual
2880233,Improvement to Generalized Separable Expansion Method in Lippmann-Schwinger Equation,2025-02-13,"What is the limitation of the conventional Generalized Separable Expansion (GSE) method regarding the singularity at the energy threshold of the two-body bound state, and how does the newly introduced GSE address this limitation?",conceptual
1938216,Utilization of event shape in search of the chiral magnetic effect in heavy-ion collisions,2021-10-01,"How does the event-shape engineering (ESE) method project the CME-sensitive correlators \(\gamma_{112}\), \(\gamma_{132}\), and \(\gamma_{123}\) to minimize background contributions from collective motion in heavy-ion collisions?",conceptual
1839212,Chaos in QCD? Gap equations and their fractal properties,2021-01-01,"What characterizes the chirally broken, non-chaotic domain in the iterative solution of QCD inspired gap equations at finite chemical potential, and what is its relation to quasi-particle excitations?",factual
2779405,Investigation of the ensemble of maximal center gauge,2024-04-20,How does restricting the maximization of the gauge functional to the Gaussian distributed part of the ensemble of local gauge maxima address the problem of underestimated string tension in the maximal center gauge?,conceptual
2690604,"Pion transition form factor from twisted-mass lattice QCD and the hadronic light-by-light <math display=""inline""><msup><mi>π</mi><mn>0</mn></msup></math>-pole contribution to the muon <math display=""inline""><mi>g</mi><mo>-</mo><mn>2</mn></math>",2023-08-23,What is the calculated pion-pole contribution to the hadronic light-by-light scattering in the muon $g-2$ based on the twisted-mass lattice QCD calculation?,factual
2879647,Quarkonium Spectroscopy in the Quark-Gluon Plasma,2025-02-13,How does the presence of large collisional widths of partons in a strongly coupled quark-gluon plasma (sQGP) affect the determination of binding energy for heavy quarkonia?,conceptual
2609535,$\Xi$-nuclear constraints from $\Xi^-$ emulsion capture events,2022-12-23,What is the approximate depth of the $\Xi$-nuclear potential ($V_{\Xi}$) in nuclear matter based on the KEK and J-PARC two-body $\Xi^- + A Z \rightarrow A' \Lambda Z' + A'' \Lambda Z''$ capture events in light emulsion nuclei?,factual
1792478,Designing Optimal Experiments: An Application to Proton Compton Scattering,2020-04-23,"According to the abstract, which specific spin observables and kinematic ranges are predicted to yield the strongest gains in constraining the proton's polarizabilities from new experimental data in proton Compton scattering?",factual
2622248,Chiral uncertainties in ab initio nucleon-nucleus elastic scattering,2023-01-10,"What specific chiral NN interaction from the LENPIC collaboration is used in this study, and up to which chiral order (NLO) is the nucleon-nucleon potential calculated for the effective nucleon-nucleus interaction?",factual
2641228,Introducing the Random Phase Approximation Theory,2023-03-10,What are the three different approaches used in the article to derive the secular equations of the Random Phase Approximation (RPA) theory?,factual
3075541,Holographic equation of state matched with hadron gas equation as a tool for the study of the quark-gluon plasma evolution,2025-10-31,What two equations of state are matched in this paper to study nuclear matter properties in relativistic heavy-ion collisions?,factual
3065759,Charge state regulation of nuclear excitation by electron capture in $^{229}$Th ions,2025-10-09,"According to the study, how does the dominant principal quantum number $n$ for NEEC channels in $^{229}	ext{Th}^{q+}$ ions change with the ion's charge state $q$ for the isomeric state (IS)?",factual
2864290,"Erratum: Exact solutions to the fermion propagator Schwinger-Dyson equation in Minkowski space with on-shell renormalization for quenched QED \newline [Phys. Rev. D 96, 036021 (2017)]",2024-12-30,"What specific approximation and gauge condition were used to obtain numeric solutions for the fermion propagator spectral functions in the context of quenched QED in Minkowski space, as described in the abstract?",factual
1961683,Lattice Constraints on the QCD Chiral Phase Transition at Finite Temperature and Baryon Density,2021-11-05,What is the current lower bound for the critical point of QCD in terms of baryon chemical potential ($\mu_B$) and temperature (T)?,factual
2817210,Modified TRENTo model initial condition and its impact on collective flows and global polarization in <math><mrow><mi>Cu</mi><mo>+</mo><mi>Au</mi></mrow></math> collisions,2024-08-11,"How does the modified TRENTo model, extended to 3D, influence the directed flow ($v_1$) and elliptic flow ($v_2$) coefficients, and the global polarization of $\Lambda$ and $\bar{\Lambda}$ hyperons in asymmetric $\text{Cu}+\text{Au}$ collisions?",conceptual
2922800,Unified nonparametric equation-of-state inference from the neutron-star crust to perturbative-QCD densities,2025-05-19,"How does the ""pQCD likelihood"" approach for inferring the equation of state differ from the ""unified"" description in terms of handling density-dependent constraints and model flexibility?",conceptual
2859380,The determination of potential scales in 2+1 flavor QCD,2024-12-13,"What are the values of the hadronic scales $r_0$ and $r_1$, and their ratio $r_0/r_1$, determined in the CLS ensembles for 2+1 flavor QCD, and what is the determined value of $r_0$ at the physical point?",factual
2696605,Entropy current and entropy production in relativistic spin hydrodynamics,2023-09-11,"What is the relationship between the entropy current and entropy-gauge transformations in relativistic spin hydrodynamics, and how does the entropy production rate behave under these transformations?",conceptual
2680338,Linearly stable and causal relativistic first-order spin hydrodynamics,2023-07-25,"Under what conditions are the linearized equations of motion for relativistic first-order spin hydrodynamics, derived from kinetic theory, found to be causal and stable in any Lorentz frame?",factual
2944824,Ab initio lattice study of neutron–alpha scattering with chiral forces at N3LO,2025-07-11,"What specific channels in neutron-alpha scattering show excellent agreement with empirical R-matrix phase shifts according to the ab initio lattice calculation using N3LO chiral interactions, and which channel exhibits persistent discrepancies above 5 MeV?",factual
2931674,Real-time Estimators for Scattering Observables: A full account of finite volume errors for quantum simulation,2025-06-06,"What method is proposed for directly probing real-time correlators of quantum field theories, and to which scattering observables is it universally applicable?",factual
2738537,Nonperturbative study of quantum many-body correlation effects in neutron stars: Equation of state,2023-12-19,"What is the approach used in this study to incorporate many-body effects into the equation of state for neutron stars, and which specific model is employed?",factual
2829503,Iso-scalar liquid drop model fitting experimental binding energies within the macro-micro approach*,2024-09-17,What specific energy terms are included in the new liquid drop model described in the abstract?,factual
2667996,Complex valence-space effective operators for observables: The Gamow-Teller transition,2023-06-11,"How does the continuum coupling and the $s_{1/2}$ continuum specifically influence the $\beta$-decay isospin asymmetry between $^{22}$Si and $^{22}$O, and the Thomas-Ehrman shift between their mirror daughters $^{22}$Al and $^{22}$F?",conceptual
2031417,Resummed lattice QCD equation of state at finite baryon density: Strangeness neutrality and beyond,2022-02-11,What is the maximum value of \(\mu_B/T\) investigated on the strangeness neutral line \(\langle S \rangle = 0\) within the temperature range of \(130 \text{ MeV} \leq T \leq 280 \text{ MeV}\)?,factual
2147051,On the influence of Maxwell-Chern-Simons electrodynamics in nuclear fusion involving electronic and muonic molecules,2022-08-27,"According to the abstract, does the Maxwell-Chern-Simons electrodynamics positively influence nuclear fusion rates for muonic molecules, and what is the surprising finding regarding electronic molecules?",summary
2969329,Effective Mass in Quantum Hadrodynamics-I and its Impact on the Equation of State of Neutron Matter,2025-09-12,How does the effective nucleon mass ($M^*$) in Quantum Hadrodynamics-I (QHD-I) connect microscopic scalar meson interactions to macroscopic properties of dense nuclear matter?,conceptual
2743054,Shell-model representations of the microscopic version of the Bohr–Mottelson collective model,2024-01-03,"What is the relationship between the SU$_{pn}$(3) basis states of the Sp(12, R) representations and the Pauli exclusion principle within the context of the Bohr-Mottelson collective model?",conceptual
2135961,Relativistic correction to the dissociation temperature of B $_{c}$ mesons in a hot medium*,2022-08-14,"How does the dissociation temperature ($T_{D}$) of B$_{c}$ mesons in a hot medium compare when calculated using two-body Dirac equations versus the Schrödinger equation, and what factors contribute to the observed shift?",factual
2774543,"Significance of the refraction effect on the <math><mrow><mi>p</mi><mtext>-</mtext><mi>d</mi></mrow></math> elementary process in the (<math><mrow><mi>p</mi><mo>,</mo><mi>p</mi><mi>d</mi></mrow></math>) reaction",2024-04-05,How does the deuteron refraction effect influence the energy sharing distribution in the <math><mrow><mmultiscripts><mi mathvariant=,factual
1819269,SWANLOP : Scattering waves off nonlocal optical potentials in the presence of Coulomb interactions,2020-09-25,"What type of equation is solved by the SWANLOP package to obtain scattering wavefunctions, and how is the Coulomb force treated exactly?",factual
2663231,Studying the impact of virtuality-dependent nucleon structure modification on spectator-tagged deep inelastic scattering,2023-05-28,"How does the Generalized Contact Formalism combined with the light-cone convolution formalism allow for the calculation of a spectator-tagged structure function, and what impact does the virtuality-dependence of nucleon structure modification have on these calculations for Helium-4?",conceptual
2741288,Antistatic-antistatic-light-light potentials from lattice QCD,2023-12-28,What types of quark configurations are considered in this study for calculating tetraquark potentials?,factual
2745645,Quadrupole dynamics of carbon isotopes and <math><mmultiscripts><mi>Be</mi><mprescripts/><none/><mn>10</mn></mmultiscripts></math>,2024-01-11,"What is the significance of electric quadrupole (E2) moments and transitions in understanding nuclear structure, and what challenge do they present for the ab initio no-core shell model approach?",conceptual
1968663,Accurate Relativistic Chiral Nucleon-Nucleon Interaction up to Next-to-Next-to-Leading Order,2021-11-15,"To what laboratory beam kinetic energy ($T_{\text{lab}}$) can the relativistic chiral nucleon-nucleon interaction constructed up to the next-to-next-to-leading order describe np phase shifts with a $\chi^2/\text{d.o.f.}$ less than 1, and how does its performance compare to the next-to-leading-order results at higher energies?",factual
2871491,Light clusters as a possible source of crustal impurities: A quasi-particle approach,2025-01-21,"According to the quasi-particle approach used in the study, what is the impurity factor associated with light clusters in the neutron star crust, and is it significant for transport calculations?",factual
1814593,Real-time measurements of solar $pp$ neutrinos using $^{131}$Xe,2020-09-02,"What are the updated capture-rate estimates for $pp$ neutrinos and all solar neutrinos on $^{131}$Xe, taking into account neutrino survival probabilities?",factual
2875203,Entanglement entropy by tensor renormalization group approach,2025-02-04,"What is the calculated central charge $c$ for the quantum Ising model using the HOTRG method, and how does it compare to the theoretical value?",factual
3081685,$α$-decay half-lives and $α$-cluster preformation factors of nuclei around $N=Z$ line,2025-11-11,"What is the primary interaction considered for calculating alpha-decay half-lives in nuclei near the $N=Z$ line in this study, and how is the alpha-nucleus potential constructed?",factual
2680319,Investigating the Two-Dimensional Generalized XY Model Using Tensor Networks,2023-07-25,"What types of vortices are present in the generalized XY model, and what role do they play in its critical behavior?",conceptual
1862477,Pairing and nonaxial-shape correlations in N=150 isotones,2021-05-07,What specific proton two-quasiparticle excitation is identified as playing a decisive role in the peculiar isotonic dependence of the $K^{\pi}=2^{-}$ state's energy in $N=150$ isotones?,factual
2808906,Fermion determinants on a quantum computer,2024-07-17,"What is the query complexity of the presented quantum algorithm for computing the logarithm of the fermion matrix determinant, in terms of the matrix dimension V?",factual
1862119,Impact of momentum resolution on factorial moments due to power–law correlations between particles,2021-05-04,"How does finite momentum resolution affect factorial moments in the context of power-law correlations, as studied in heavy-ion collisions for intermittency analysis?",conceptual
2908627,Harmonic oscillator representation of scattering theory in the presence of Coulomb potential,2025-04-06,How is the Coulomb interaction incorporated into the HORSE formalism for charged particle scattering in the asymptotic region?,factual
2832397,Numerical determination of the width and shape of the effective string using Stochastic Normalizing Flows,2024-09-24,"What specific deep learning architecture, based on non-equilibrium Monte Carlo simulations, is used in this work to study effective string models?",factual
1801115,Nuclear-Elastic Scattering of $^9$Be+$^4$He using the Proximity Potential,2020-06-13,"What is the primary reaction being investigated in the abstract, and what specific nuclear interaction is being studied?",factual
1955218,Flow decorrelation in heavy-ion collisions at $\sqrt{s_{_{\rm NN}}}$=27 and 200 GeV with 3D event-by-event viscous hydrodynamics,2021-10-27,What two different initial states and hadronic cascade are used in the vHLLE model to calculate longitudinal decorrelation of anisotropic flow at RHIC BES energies?,factual
2773763,Precise Omega baryons from lattice QCD,2024-04-03,"What lattice QCD ensembles and quark flavors were utilized in this study to determine the masses of $I(J^P)=0\left(3/2^+\right)$ and $0\left(3/2^-ight)$ $\Omega$-baryon ground states?",factual
1972910,Dynamical Synthesis of He4 in the Scission Phase of Nuclear Fission,2021-11-22,"According to the abstract, what timescale of neck formation in the induced fission of $^{240}$Pu coincides with the assembly of two $\alpha$-like clusters?",factual
1842618,Decay amplitudes to three hadrons from finite-volume matrix elements,2021-01-25,"What is the generalization of the Lellouch-Lüscher relation provided in this paper for processes involving three spinless, degenerate particles in the final state?",factual
2845508,Small-scale Hamiltonian optimization of interpolating operators for Lagrangian lattice quantum field theory,2024-11-04,"In the context of hybrid Hamiltonian and Lagrangian lattice quantum field theory calculations, what are the two main factors that need to be considered when the Hamiltonian component has a smaller volume or coarser lattice spacing than the Lagrangian component?",factual
2689721,Glueball Spectrum with four light dynamical fermions,2023-08-19,Which irreducible representations of the glueball spectrum were successfully extracted with statistical uncertainties from the ensembles of $N_f=4$ degenerate dynamical fermions?,factual
2758363,Indispensability of cross-shell contributions in neutron resonance spacing,2024-02-13,"Why are cross-shell excitations from the sd to the pf-shell indispensable for calculating the s-wave neutron resonance spacing (D$_{0}$) for nuclei like $^{24}$Na and $^{25,26,27}$Mg, as indicated by the abstract?",conceptual
1846900,Variational theory combining number-projected BCS and coupled-cluster doubles,2021-02-16,"What variational approach is used to describe ground-state pairing correlations in finite fermionic systems, and what are its key characteristics?",summary
2676268,Empirical radius formulas for canonical neutron stars from bidirectionally selecting features of equations of state in extended Bayesian analyses of observational data,2023-07-11,"According to the abstract, what are the five most important nuclear equation of state parameters that determine the radius of canonical neutron stars, listed in order of decreasing importance?",factual
2918137,Probing Λ potential via its v2 flow in hypernuclei-induced reaction,2025-05-05,"According to the AMPT-HC model simulation, how does the hyperon potential strength relate to the hyperon elliptic flow in different rapidity regions at beam energies below the hyperon production threshold?",factual
2740620,Microscopic Optical Potentials from Chiral Forces and Ab Initio Nuclear Densities,2023-12-26,What theoretical frameworks and approximations were used to derive the microscopic optical potentials (OPs) in this study?,factual
2661497,"Study of np-scattering for S, P and D Waves using Deng-Fan Potential by Phase Function Method",2023-05-22,"What specific scattering states, besides $^3S_1$, were numerically solved for using the phase function method to obtain their corresponding scattering phase shifts and partial cross sections?",factual
2863214,Effects of chiral symmetry restoration on dilepton production in heavy ion collisions,2024-12-25,How do in-medium quark masses change with increasing temperature in the context of chiral symmetry restoration as described by the extended Nambu-Jona-Lasinio (NJL) model in relativistic heavy-ion collisions?,conceptual
2926905,Next-to-Leading-Order Prediction for the Neutrinoless Double-Beta Decay,2025-05-29,"What is the elementary subprocess of neutrinoless double-beta decay (<math display=""inline""><mn>0</mn><mi>ν</mi><mi>β</mi><mi>β</mi></math>) in nuclei, as described in the abstract?",factual
1814027,State densities of heavy nuclei in the static-path plus random-phase approximation,2020-08-31,How does the static-path plus random-phase approximation (SPA + RPA) compare to the shell-model Monte Carlo (SMMC) method in calculating state densities for samarium isotopes Sm148–155?,factual
1838381,Relativistic levels of mesic atoms,2020-12-23,What kind of interaction is discussed in the derivation of the covariant two-body scalar-fermion equation?,factual
2139815,Analysis of the interaction between the ϕ meson and nucleus *,2022-08-22,What is the average scattering length of the $\phi$-deuteron interaction derived from the study?,factual
2626397,Hybrid star phenomenology from the properties of the special point,2023-01-25,"What is the specific mass of the black widow pulsar PSR J0952-0607 that can be described as a hybrid star with a color superconducting quark matter core, according to the study?",factual
1853363,Exact solution of the Brueckner-Bethe-Goldstone equation with three-body forces in nuclear matter,2021-07-26,"What is the effect of using the angle-average approximation and the angle-average approximation with total momentum approximation on the Brueckner-Bethe-Goldstone equation with three-body forces in nuclear matter, and how do these results compare to the exact solution?",summary
2801953,Hybrid Isentropic Twin Stars,2024-06-24,How does the temperature behavior during the phase transition in hybrid stars vary with the entropy per baryon ($s$)?,factual
1862487,Fluctuations in the nuclear pasta phase,2021-05-07,What effect does the coexistence of different geometries in the nuclear pasta phase have on the neutron star crust conductivity and neutrino transport in supernova matter?,conceptual
2811998,Kolmogorov-Arnold networks in nuclear binding energy prediction,2024-07-30,What was the root mean square error achieved by Kolmogorov-Arnold networks (KANs) when predicting nuclear binding energies using data from the AME2020 dataset?,factual
